Command line invocation:
    /Applications/Xcode.app/Contents/Developer/usr/bin/xcodebuild -project PrivateVPN.xcodeproj -scheme PrivateVPN -destination generic/platform=iOS -derivedDataPath /tmp/pvpn-dd CODE_SIGNING_ALLOWED=NO build

Build settings from command line:
    CODE_SIGNING_ALLOWED = NO

Resolve Package Graph


Resolved source packages:
  WireGuardKit: /Volumes/BIWIN/SourcesCode/PrivateVPN/Vendor/WireGuardKit

ComputePackagePrebuildTargetDependencyGraph

Prepare packages

CreateBuildRequest

SendProjectDescription

CreateBuildOperation

ComputeTargetDependencyGraph
note: Building targets in dependency order
note: Target dependency graph (6 targets)
    Target 'PrivateVPN' in project 'PrivateVPN'
        ➜ Explicit dependency on target 'PrivateVPNPacketTunnel' in project 'PrivateVPN'
        ➜ Explicit dependency on target 'WireGuardKit' in project 'WireGuardKit'
    Target 'PrivateVPNPacketTunnel' in project 'PrivateVPN'
        ➜ Explicit dependency on target 'WireGuardKit' in project 'WireGuardKit'
    Target 'WireGuardKit' in project 'WireGuardKit'
        ➜ Explicit dependency on target 'WireGuardKit' in project 'WireGuardKit'
        ➜ Explicit dependency on target 'WireGuardKitGo' in project 'WireGuardKit'
        ➜ Explicit dependency on target 'WireGuardKitC' in project 'WireGuardKit'
    Target 'WireGuardKit' in project 'WireGuardKit'
        ➜ Explicit dependency on target 'WireGuardKitGo' in project 'WireGuardKit'
        ➜ Explicit dependency on target 'WireGuardKitC' in project 'WireGuardKit'
    Target 'WireGuardKitC' in project 'WireGuardKit' (no dependencies)
    Target 'WireGuardKitGo' in project 'WireGuardKit' (no dependencies)

GatherProvisioningInputs

CreateBuildDescription

ExecuteExternalTool /Applications/Xcode.app/Contents/Developer/Toolchains/XcodeDefault.xctoolchain/usr/bin/clang -v -E -dM -arch arm64 -isysroot /Applications/Xcode.app/Contents/Developer/Platforms/iPhoneOS.platform/Developer/SDKs/iPhoneOS26.5.sdk -x c -c /dev/null

ExecuteExternalTool /Applications/Xcode.app/Contents/Developer/Toolchains/XcodeDefault.xctoolchain/usr/bin/swiftc --version

ExecuteExternalTool /Applications/Xcode.app/Contents/Developer/Toolchains/XcodeDefault.xctoolchain/usr/bin/clang -v -E -dM -isysroot /Applications/Xcode.app/Contents/Developer/Platforms/iPhoneOS.platform/Developer/SDKs/iPhoneOS26.5.sdk -x c -c /dev/null

ExecuteExternalTool /Applications/Xcode.app/Contents/Developer/Toolchains/XcodeDefault.xctoolchain/usr/bin/ld -version_details

Build description signature: f48d77bf6d44e3f70992b4cb7603dd57
Build description path: /tmp/pvpn-dd/Build/Intermediates.noindex/XCBuildData/f48d77bf6d44e3f70992b4cb7603dd57.xcbuilddata
ClangStatCache /Applications/Xcode.app/Contents/Developer/Toolchains/XcodeDefault.xctoolchain/usr/bin/clang-stat-cache /Applications/Xcode.app/Contents/Developer/Platforms/iPhoneOS.platform/Developer/SDKs/iPhoneOS26.5.sdk /tmp/pvpn-dd/SDKStatCaches.noindex/iphoneos26.5-23F81a-32daed1954a7d5dd0789fcaf2a9bb78b.sdkstatcache
    cd /Volumes/BIWIN/SourcesCode/PrivateVPN/PrivateVPN.xcodeproj
    /Applications/Xcode.app/Contents/Developer/Toolchains/XcodeDefault.xctoolchain/usr/bin/clang-stat-cache /Applications/Xcode.app/Contents/Developer/Platforms/iPhoneOS.platform/Developer/SDKs/iPhoneOS26.5.sdk -o /tmp/pvpn-dd/SDKStatCaches.noindex/iphoneos26.5-23F81a-32daed1954a7d5dd0789fcaf2a9bb78b.sdkstatcache

CreateBuildDirectory /tmp/pvpn-dd/Build/Intermediates.noindex
    cd /Volumes/BIWIN/SourcesCode/PrivateVPN/PrivateVPN.xcodeproj
    builtin-create-build-directory /tmp/pvpn-dd/Build/Intermediates.noindex

CreateBuildDirectory /tmp/pvpn-dd/Build/Products
    cd /Volumes/BIWIN/SourcesCode/PrivateVPN/PrivateVPN.xcodeproj
    builtin-create-build-directory /tmp/pvpn-dd/Build/Products

CreateBuildDirectory /tmp/pvpn-dd/Build/Products/Debug-iphoneos
    cd /Volumes/BIWIN/SourcesCode/PrivateVPN/PrivateVPN.xcodeproj
    builtin-create-build-directory /tmp/pvpn-dd/Build/Products/Debug-iphoneos

CreateBuildDirectory /tmp/pvpn-dd/Build/Intermediates.noindex/SwiftExplicitPrecompiledModules
    cd /Volumes/BIWIN/SourcesCode/PrivateVPN/PrivateVPN.xcodeproj
    builtin-create-build-directory /tmp/pvpn-dd/Build/Intermediates.noindex/SwiftExplicitPrecompiledModules

CreateBuildDirectory /tmp/pvpn-dd/Build/Intermediates.noindex/ExplicitPrecompiledModules
    cd /Volumes/BIWIN/SourcesCode/PrivateVPN/PrivateVPN.xcodeproj
    builtin-create-build-directory /tmp/pvpn-dd/Build/Intermediates.noindex/ExplicitPrecompiledModules

CreateBuildDirectory /tmp/pvpn-dd/Build/Intermediates.noindex/EagerLinkingTBDs/Debug-iphoneos
    cd /Volumes/BIWIN/SourcesCode/PrivateVPN/PrivateVPN.xcodeproj
    builtin-create-build-directory /tmp/pvpn-dd/Build/Intermediates.noindex/EagerLinkingTBDs/Debug-iphoneos

WriteAuxiliaryFile /tmp/pvpn-dd/Build/Intermediates.noindex/PrivateVPN.build/Debug-iphoneos/PrivateVPN-3e357c95868f0b93e62acfafa95a57dd-VFS-iphoneos/all-product-headers.yaml
    cd /Volumes/BIWIN/SourcesCode/PrivateVPN/PrivateVPN.xcodeproj
    write-file /tmp/pvpn-dd/Build/Intermediates.noindex/PrivateVPN.build/Debug-iphoneos/PrivateVPN-3e357c95868f0b93e62acfafa95a57dd-VFS-iphoneos/all-product-headers.yaml

WriteAuxiliaryFile /tmp/pvpn-dd/Build/Intermediates.noindex/WireGuardKit.build/Debug-iphoneos/WireGuardKitGo.build/WireGuardKitGo.DependencyStaticMetadataFileList (in target 'WireGuardKitGo' from project 'WireGuardKit')
    cd /Volumes/BIWIN/SourcesCode/PrivateVPN/Vendor/WireGuardKit
    write-file /tmp/pvpn-dd/Build/Intermediates.noindex/WireGuardKit.build/Debug-iphoneos/WireGuardKitGo.build/WireGuardKitGo.DependencyStaticMetadataFileList

WriteAuxiliaryFile /tmp/pvpn-dd/Build/Intermediates.noindex/WireGuardKit.build/Debug-iphoneos/WireGuardKitGo.build/WireGuardKitGo.DependencyMetadataFileList (in target 'WireGuardKitGo' from project 'WireGuardKit')
    cd /Volumes/BIWIN/SourcesCode/PrivateVPN/Vendor/WireGuardKit
    write-file /tmp/pvpn-dd/Build/Intermediates.noindex/WireGuardKit.build/Debug-iphoneos/WireGuardKitGo.build/WireGuardKitGo.DependencyMetadataFileList

WriteAuxiliaryFile /tmp/pvpn-dd/Build/Intermediates.noindex/WireGuardKit.build/Debug-iphoneos/WireGuardKitGo.build/Objects-normal/arm64/WireGuardKitGo.LinkFileList (in target 'WireGuardKitGo' from project 'WireGuardKit')
    cd /Volumes/BIWIN/SourcesCode/PrivateVPN/Vendor/WireGuardKit
    write-file /tmp/pvpn-dd/Build/Intermediates.noindex/WireGuardKit.build/Debug-iphoneos/WireGuardKitGo.build/Objects-normal/arm64/WireGuardKitGo.LinkFileList

WriteAuxiliaryFile /tmp/pvpn-dd/Build/Intermediates.noindex/WireGuardKit.build/Debug-iphoneos/WireGuardKitGo.build/Objects-normal/arm64/7187679823f38a2a940e0043cdf9d637-common-args.resp (in target 'WireGuardKitGo' from project 'WireGuardKit')
    cd /Volumes/BIWIN/SourcesCode/PrivateVPN/Vendor/WireGuardKit
    write-file /tmp/pvpn-dd/Build/Intermediates.noindex/WireGuardKit.build/Debug-iphoneos/WireGuardKitGo.build/Objects-normal/arm64/7187679823f38a2a940e0043cdf9d637-common-args.resp
-fmodules -gmodules '-fmodules-cache-path=/tmp/pvpn-dd/ModuleCache.noindex' '-fmodule-name=WireGuardKitGo' -fpascal-strings -O0 -DSWIFT_PACKAGE '-DDEBUG=1' -g -I/tmp/pvpn-dd/Build/Products/Debug-iphoneos/include -I/Volumes/BIWIN/SourcesCode/PrivateVPN/Vendor/WireGuardKit/Sources/WireGuardKitGo -I/tmp/pvpn-dd/Build/Intermediates.noindex/WireGuardKit.build/Debug-iphoneos/WireGuardKitGo.build/DerivedSources-normal/arm64 -I/tmp/pvpn-dd/Build/Intermediates.noindex/WireGuardKit.build/Debug-iphoneos/WireGuardKitGo.build/DerivedSources/arm64 -I/tmp/pvpn-dd/Build/Intermediates.noindex/WireGuardKit.build/Debug-iphoneos/WireGuardKitGo.build/DerivedSources -F/tmp/pvpn-dd/Build/Products/Debug-iphoneos -iframework /Applications/Xcode.app/Contents/Developer/Platforms/iPhoneOS.platform/Developer/Library/Frameworks -iframework /Applications/Xcode.app/Contents/Developer/Platforms/iPhoneOS.platform/Developer/SDKs/iPhoneOS26.5.sdk/Developer/Library/Frameworks -DXcode

WriteAuxiliaryFile /tmp/pvpn-dd/Build/Intermediates.noindex/WireGuardKit.build/Debug-iphoneos/WireGuardKitC.build/WireGuardKitC.DependencyStaticMetadataFileList (in target 'WireGuardKitC' from project 'WireGuardKit')
    cd /Volumes/BIWIN/SourcesCode/PrivateVPN/Vendor/WireGuardKit
    write-file /tmp/pvpn-dd/Build/Intermediates.noindex/WireGuardKit.build/Debug-iphoneos/WireGuardKitC.build/WireGuardKitC.DependencyStaticMetadataFileList

WriteAuxiliaryFile /tmp/pvpn-dd/Build/Intermediates.noindex/WireGuardKit.build/Debug-iphoneos/WireGuardKitC.build/WireGuardKitC.DependencyMetadataFileList (in target 'WireGuardKitC' from project 'WireGuardKit')
    cd /Volumes/BIWIN/SourcesCode/PrivateVPN/Vendor/WireGuardKit
    write-file /tmp/pvpn-dd/Build/Intermediates.noindex/WireGuardKit.build/Debug-iphoneos/WireGuardKitC.build/WireGuardKitC.DependencyMetadataFileList

WriteAuxiliaryFile /tmp/pvpn-dd/Build/Intermediates.noindex/WireGuardKit.build/Debug-iphoneos/WireGuardKitC.build/Objects-normal/arm64/WireGuardKitC.LinkFileList (in target 'WireGuardKitC' from project 'WireGuardKit')
    cd /Volumes/BIWIN/SourcesCode/PrivateVPN/Vendor/WireGuardKit
    write-file /tmp/pvpn-dd/Build/Intermediates.noindex/WireGuardKit.build/Debug-iphoneos/WireGuardKitC.build/Objects-normal/arm64/WireGuardKitC.LinkFileList

WriteAuxiliaryFile /tmp/pvpn-dd/Build/Intermediates.noindex/WireGuardKit.build/Debug-iphoneos/WireGuardKitC.build/Objects-normal/arm64/7187679823f38a2a940e0043cdf9d637-common-args.resp (in target 'WireGuardKitC' from project 'WireGuardKit')
    cd /Volumes/BIWIN/SourcesCode/PrivateVPN/Vendor/WireGuardKit
    write-file /tmp/pvpn-dd/Build/Intermediates.noindex/WireGuardKit.build/Debug-iphoneos/WireGuardKitC.build/Objects-normal/arm64/7187679823f38a2a940e0043cdf9d637-common-args.resp
-fmodules -gmodules '-fmodules-cache-path=/tmp/pvpn-dd/ModuleCache.noindex' '-fmodule-name=WireGuardKitC' -fpascal-strings -O0 -DSWIFT_PACKAGE '-DDEBUG=1' -g -I/tmp/pvpn-dd/Build/Products/Debug-iphoneos/include -I/Volumes/BIWIN/SourcesCode/PrivateVPN/Vendor/WireGuardKit/Sources/WireGuardKitC -I/tmp/pvpn-dd/Build/Intermediates.noindex/WireGuardKit.build/Debug-iphoneos/WireGuardKitC.build/DerivedSources-normal/arm64 -I/tmp/pvpn-dd/Build/Intermediates.noindex/WireGuardKit.build/Debug-iphoneos/WireGuardKitC.build/DerivedSources/arm64 -I/tmp/pvpn-dd/Build/Intermediates.noindex/WireGuardKit.build/Debug-iphoneos/WireGuardKitC.build/DerivedSources -F/tmp/pvpn-dd/Build/Products/Debug-iphoneos -iframework /Applications/Xcode.app/Contents/Developer/Platforms/iPhoneOS.platform/Developer/Library/Frameworks -iframework /Applications/Xcode.app/Contents/Developer/Platforms/iPhoneOS.platform/Developer/SDKs/iPhoneOS26.5.sdk/Developer/Library/Frameworks -DXcode

WriteAuxiliaryFile /tmp/pvpn-dd/Build/Intermediates.noindex/WireGuardKit.build/Debug-iphoneos/WireGuardKit.build/WireGuardKit.modulemap (in target 'WireGuardKit' from project 'WireGuardKit')
    cd /Volumes/BIWIN/SourcesCode/PrivateVPN/Vendor/WireGuardKit
    write-file /tmp/pvpn-dd/Build/Intermediates.noindex/WireGuardKit.build/Debug-iphoneos/WireGuardKit.build/WireGuardKit.modulemap

WriteAuxiliaryFile /tmp/pvpn-dd/Build/Intermediates.noindex/WireGuardKit.build/Debug-iphoneos/WireGuardKit.build/WireGuardKit.DependencyStaticMetadataFileList (in target 'WireGuardKit' from project 'WireGuardKit')
    cd /Volumes/BIWIN/SourcesCode/PrivateVPN/Vendor/WireGuardKit
    write-file /tmp/pvpn-dd/Build/Intermediates.noindex/WireGuardKit.build/Debug-iphoneos/WireGuardKit.build/WireGuardKit.DependencyStaticMetadataFileList

WriteAuxiliaryFile /tmp/pvpn-dd/Build/Intermediates.noindex/WireGuardKit.build/Debug-iphoneos/WireGuardKit.build/WireGuardKit.DependencyMetadataFileList (in target 'WireGuardKit' from project 'WireGuardKit')
    cd /Volumes/BIWIN/SourcesCode/PrivateVPN/Vendor/WireGuardKit
    write-file /tmp/pvpn-dd/Build/Intermediates.noindex/WireGuardKit.build/Debug-iphoneos/WireGuardKit.build/WireGuardKit.DependencyMetadataFileList

WriteAuxiliaryFile /tmp/pvpn-dd/Build/Intermediates.noindex/WireGuardKit.build/Debug-iphoneos/WireGuardKit.build/Objects-normal/arm64/WireGuardKit_const_extract_protocols.json (in target 'WireGuardKit' from project 'WireGuardKit')
    cd /Volumes/BIWIN/SourcesCode/PrivateVPN/Vendor/WireGuardKit
    write-file /tmp/pvpn-dd/Build/Intermediates.noindex/WireGuardKit.build/Debug-iphoneos/WireGuardKit.build/Objects-normal/arm64/WireGuardKit_const_extract_protocols.json

WriteAuxiliaryFile /tmp/pvpn-dd/Build/Intermediates.noindex/WireGuardKit.build/Debug-iphoneos/WireGuardKit.build/Objects-normal/arm64/WireGuardKit.SwiftFileList (in target 'WireGuardKit' from project 'WireGuardKit')
    cd /Volumes/BIWIN/SourcesCode/PrivateVPN/Vendor/WireGuardKit
    write-file /tmp/pvpn-dd/Build/Intermediates.noindex/WireGuardKit.build/Debug-iphoneos/WireGuardKit.build/Objects-normal/arm64/WireGuardKit.SwiftFileList

WriteAuxiliaryFile /tmp/pvpn-dd/Build/Intermediates.noindex/WireGuardKit.build/Debug-iphoneos/WireGuardKit.build/Objects-normal/arm64/WireGuardKit.SwiftConstValuesFileList (in target 'WireGuardKit' from project 'WireGuardKit')
    cd /Volumes/BIWIN/SourcesCode/PrivateVPN/Vendor/WireGuardKit
    write-file /tmp/pvpn-dd/Build/Intermediates.noindex/WireGuardKit.build/Debug-iphoneos/WireGuardKit.build/Objects-normal/arm64/WireGuardKit.SwiftConstValuesFileList

WriteAuxiliaryFile /tmp/pvpn-dd/Build/Intermediates.noindex/WireGuardKit.build/Debug-iphoneos/WireGuardKit.build/Objects-normal/arm64/WireGuardKit.LinkFileList (in target 'WireGuardKit' from project 'WireGuardKit')
    cd /Volumes/BIWIN/SourcesCode/PrivateVPN/Vendor/WireGuardKit
    write-file /tmp/pvpn-dd/Build/Intermediates.noindex/WireGuardKit.build/Debug-iphoneos/WireGuardKit.build/Objects-normal/arm64/WireGuardKit.LinkFileList

WriteAuxiliaryFile /tmp/pvpn-dd/Build/Intermediates.noindex/WireGuardKit.build/Debug-iphoneos/WireGuardKit.build/Objects-normal/arm64/WireGuardKit-OutputFileMap.json (in target 'WireGuardKit' from project 'WireGuardKit')
    cd /Volumes/BIWIN/SourcesCode/PrivateVPN/Vendor/WireGuardKit
    write-file /tmp/pvpn-dd/Build/Intermediates.noindex/WireGuardKit.build/Debug-iphoneos/WireGuardKit.build/Objects-normal/arm64/WireGuardKit-OutputFileMap.json

Copy /tmp/pvpn-dd/Build/Intermediates.noindex/GeneratedModuleMaps-iphoneos/WireGuardKit.modulemap /tmp/pvpn-dd/Build/Intermediates.noindex/WireGuardKit.build/Debug-iphoneos/WireGuardKit.build/WireGuardKit.modulemap (in target 'WireGuardKit' from project 'WireGuardKit')
    cd /Volumes/BIWIN/SourcesCode/PrivateVPN/Vendor/WireGuardKit
    builtin-copy -exclude .DS_Store -exclude CVS -exclude .svn -exclude .git -exclude .hg -resolve-src-symlinks /tmp/pvpn-dd/Build/Intermediates.noindex/WireGuardKit.build/Debug-iphoneos/WireGuardKit.build/WireGuardKit.modulemap /tmp/pvpn-dd/Build/Intermediates.noindex/GeneratedModuleMaps-iphoneos

WriteAuxiliaryFile /tmp/pvpn-dd/Build/Intermediates.noindex/PrivateVPN.build/Debug-iphoneos/PrivateVPNPacketTunnel.build/Script-59C7A24ADAF260EC60051138.sh (in target 'PrivateVPNPacketTunnel' from project 'PrivateVPN')
    cd /Volumes/BIWIN/SourcesCode/PrivateVPN
    write-file /tmp/pvpn-dd/Build/Intermediates.noindex/PrivateVPN.build/Debug-iphoneos/PrivateVPNPacketTunnel.build/Script-59C7A24ADAF260EC60051138.sh

WriteAuxiliaryFile /tmp/pvpn-dd/Build/Intermediates.noindex/PrivateVPN.build/Debug-iphoneos/PrivateVPNPacketTunnel.build/PrivateVPNPacketTunnel.hmap (in target 'PrivateVPNPacketTunnel' from project 'PrivateVPN')
    cd /Volumes/BIWIN/SourcesCode/PrivateVPN
    write-file /tmp/pvpn-dd/Build/Intermediates.noindex/PrivateVPN.build/Debug-iphoneos/PrivateVPNPacketTunnel.build/PrivateVPNPacketTunnel.hmap

WriteAuxiliaryFile /tmp/pvpn-dd/Build/Intermediates.noindex/PrivateVPN.build/Debug-iphoneos/PrivateVPNPacketTunnel.build/PrivateVPNPacketTunnel.DependencyStaticMetadataFileList (in target 'PrivateVPNPacketTunnel' from project 'PrivateVPN')
    cd /Volumes/BIWIN/SourcesCode/PrivateVPN
    write-file /tmp/pvpn-dd/Build/Intermediates.noindex/PrivateVPN.build/Debug-iphoneos/PrivateVPNPacketTunnel.build/PrivateVPNPacketTunnel.DependencyStaticMetadataFileList

WriteAuxiliaryFile /tmp/pvpn-dd/Build/Intermediates.noindex/PrivateVPN.build/Debug-iphoneos/PrivateVPNPacketTunnel.build/PrivateVPNPacketTunnel.DependencyMetadataFileList (in target 'PrivateVPNPacketTunnel' from project 'PrivateVPN')
    cd /Volumes/BIWIN/SourcesCode/PrivateVPN
    write-file /tmp/pvpn-dd/Build/Intermediates.noindex/PrivateVPN.build/Debug-iphoneos/PrivateVPNPacketTunnel.build/PrivateVPNPacketTunnel.DependencyMetadataFileList

WriteAuxiliaryFile /tmp/pvpn-dd/Build/Intermediates.noindex/PrivateVPN.build/Debug-iphoneos/PrivateVPNPacketTunnel.build/PrivateVPNPacketTunnel-project-headers.hmap (in target 'PrivateVPNPacketTunnel' from project 'PrivateVPN')
    cd /Volumes/BIWIN/SourcesCode/PrivateVPN
    write-file /tmp/pvpn-dd/Build/Intermediates.noindex/PrivateVPN.build/Debug-iphoneos/PrivateVPNPacketTunnel.build/PrivateVPNPacketTunnel-project-headers.hmap

WriteAuxiliaryFile /tmp/pvpn-dd/Build/Intermediates.noindex/PrivateVPN.build/Debug-iphoneos/PrivateVPNPacketTunnel.build/PrivateVPNPacketTunnel-own-target-headers.hmap (in target 'PrivateVPNPacketTunnel' from project 'PrivateVPN')
    cd /Volumes/BIWIN/SourcesCode/PrivateVPN
    write-file /tmp/pvpn-dd/Build/Intermediates.noindex/PrivateVPN.build/Debug-iphoneos/PrivateVPNPacketTunnel.build/PrivateVPNPacketTunnel-own-target-headers.hmap

WriteAuxiliaryFile /tmp/pvpn-dd/Build/Intermediates.noindex/PrivateVPN.build/Debug-iphoneos/PrivateVPNPacketTunnel.build/PrivateVPNPacketTunnel-generated-files.hmap (in target 'PrivateVPNPacketTunnel' from project 'PrivateVPN')
    cd /Volumes/BIWIN/SourcesCode/PrivateVPN
    write-file /tmp/pvpn-dd/Build/Intermediates.noindex/PrivateVPN.build/Debug-iphoneos/PrivateVPNPacketTunnel.build/PrivateVPNPacketTunnel-generated-files.hmap

WriteAuxiliaryFile /tmp/pvpn-dd/Build/Intermediates.noindex/PrivateVPN.build/Debug-iphoneos/PrivateVPNPacketTunnel.build/PrivateVPNPacketTunnel-all-target-headers.hmap (in target 'PrivateVPNPacketTunnel' from project 'PrivateVPN')
    cd /Volumes/BIWIN/SourcesCode/PrivateVPN
    write-file /tmp/pvpn-dd/Build/Intermediates.noindex/PrivateVPN.build/Debug-iphoneos/PrivateVPNPacketTunnel.build/PrivateVPNPacketTunnel-all-target-headers.hmap

WriteAuxiliaryFile /tmp/pvpn-dd/Build/Intermediates.noindex/PrivateVPN.build/Debug-iphoneos/PrivateVPNPacketTunnel.build/PrivateVPNPacketTunnel-all-non-framework-target-headers.hmap (in target 'PrivateVPNPacketTunnel' from project 'PrivateVPN')
    cd /Volumes/BIWIN/SourcesCode/PrivateVPN
    write-file /tmp/pvpn-dd/Build/Intermediates.noindex/PrivateVPN.build/Debug-iphoneos/PrivateVPNPacketTunnel.build/PrivateVPNPacketTunnel-all-non-framework-target-headers.hmap

WriteAuxiliaryFile /tmp/pvpn-dd/Build/Intermediates.noindex/PrivateVPN.build/Debug-iphoneos/PrivateVPNPacketTunnel.build/PrivateVPNPacketTunnel-DebugEntryPoint-normal-arm64.txt (in target 'PrivateVPNPacketTunnel' from project 'PrivateVPN')
    cd /Volumes/BIWIN/SourcesCode/PrivateVPN
    write-file /tmp/pvpn-dd/Build/Intermediates.noindex/PrivateVPN.build/Debug-iphoneos/PrivateVPNPacketTunnel.build/PrivateVPNPacketTunnel-DebugEntryPoint-normal-arm64.txt

WriteAuxiliaryFile /tmp/pvpn-dd/Build/Intermediates.noindex/PrivateVPN.build/Debug-iphoneos/PrivateVPNPacketTunnel.build/PrivateVPNPacketTunnel-DebugDylibPath-normal-arm64.txt (in target 'PrivateVPNPacketTunnel' from project 'PrivateVPN')
    cd /Volumes/BIWIN/SourcesCode/PrivateVPN
    write-file /tmp/pvpn-dd/Build/Intermediates.noindex/PrivateVPN.build/Debug-iphoneos/PrivateVPNPacketTunnel.build/PrivateVPNPacketTunnel-DebugDylibPath-normal-arm64.txt

WriteAuxiliaryFile /tmp/pvpn-dd/Build/Intermediates.noindex/PrivateVPN.build/Debug-iphoneos/PrivateVPNPacketTunnel.build/PrivateVPNPacketTunnel-DebugDylibInstallName-normal-arm64.txt (in target 'PrivateVPNPacketTunnel' from project 'PrivateVPN')
    cd /Volumes/BIWIN/SourcesCode/PrivateVPN
    write-file /tmp/pvpn-dd/Build/Intermediates.noindex/PrivateVPN.build/Debug-iphoneos/PrivateVPNPacketTunnel.build/PrivateVPNPacketTunnel-DebugDylibInstallName-normal-arm64.txt

WriteAuxiliaryFile /tmp/pvpn-dd/Build/Intermediates.noindex/PrivateVPN.build/Debug-iphoneos/PrivateVPNPacketTunnel.build/Objects-normal/arm64/PrivateVPNPacketTunnel_const_extract_protocols.json (in target 'PrivateVPNPacketTunnel' from project 'PrivateVPN')
    cd /Volumes/BIWIN/SourcesCode/PrivateVPN
    write-file /tmp/pvpn-dd/Build/Intermediates.noindex/PrivateVPN.build/Debug-iphoneos/PrivateVPNPacketTunnel.build/Objects-normal/arm64/PrivateVPNPacketTunnel_const_extract_protocols.json

WriteAuxiliaryFile /tmp/pvpn-dd/Build/Intermediates.noindex/PrivateVPN.build/Debug-iphoneos/PrivateVPNPacketTunnel.build/Objects-normal/arm64/PrivateVPNPacketTunnel.SwiftFileList (in target 'PrivateVPNPacketTunnel' from project 'PrivateVPN')
    cd /Volumes/BIWIN/SourcesCode/PrivateVPN
    write-file /tmp/pvpn-dd/Build/Intermediates.noindex/PrivateVPN.build/Debug-iphoneos/PrivateVPNPacketTunnel.build/Objects-normal/arm64/PrivateVPNPacketTunnel.SwiftFileList

WriteAuxiliaryFile /tmp/pvpn-dd/Build/Intermediates.noindex/PrivateVPN.build/Debug-iphoneos/PrivateVPNPacketTunnel.build/Objects-normal/arm64/PrivateVPNPacketTunnel.SwiftConstValuesFileList (in target 'PrivateVPNPacketTunnel' from project 'PrivateVPN')
    cd /Volumes/BIWIN/SourcesCode/PrivateVPN
    write-file /tmp/pvpn-dd/Build/Intermediates.noindex/PrivateVPN.build/Debug-iphoneos/PrivateVPNPacketTunnel.build/Objects-normal/arm64/PrivateVPNPacketTunnel.SwiftConstValuesFileList

WriteAuxiliaryFile /tmp/pvpn-dd/Build/Intermediates.noindex/PrivateVPN.build/Debug-iphoneos/PrivateVPNPacketTunnel.build/Objects-normal/arm64/PrivateVPNPacketTunnel.LinkFileList (in target 'PrivateVPNPacketTunnel' from project 'PrivateVPN')
    cd /Volumes/BIWIN/SourcesCode/PrivateVPN
    write-file /tmp/pvpn-dd/Build/Intermediates.noindex/PrivateVPN.build/Debug-iphoneos/PrivateVPNPacketTunnel.build/Objects-normal/arm64/PrivateVPNPacketTunnel.LinkFileList

WriteAuxiliaryFile /tmp/pvpn-dd/Build/Intermediates.noindex/PrivateVPN.build/Debug-iphoneos/PrivateVPNPacketTunnel.build/Objects-normal/arm64/PrivateVPNPacketTunnel-OutputFileMap.json (in target 'PrivateVPNPacketTunnel' from project 'PrivateVPN')
    cd /Volumes/BIWIN/SourcesCode/PrivateVPN
    write-file /tmp/pvpn-dd/Build/Intermediates.noindex/PrivateVPN.build/Debug-iphoneos/PrivateVPNPacketTunnel.build/Objects-normal/arm64/PrivateVPNPacketTunnel-OutputFileMap.json

MkDir /tmp/pvpn-dd/Build/Products/Debug-iphoneos/PrivateVPNPacketTunnel.appex (in target 'PrivateVPNPacketTunnel' from project 'PrivateVPN')
    cd /Volumes/BIWIN/SourcesCode/PrivateVPN
    /bin/mkdir -p /tmp/pvpn-dd/Build/Products/Debug-iphoneos/PrivateVPNPacketTunnel.appex

WriteAuxiliaryFile /tmp/pvpn-dd/Build/Intermediates.noindex/PrivateVPN.build/Debug-iphoneos/PrivateVPN.build/Script-59BA6819AF085081FBC84247.sh (in target 'PrivateVPN' from project 'PrivateVPN')
    cd /Volumes/BIWIN/SourcesCode/PrivateVPN
    write-file /tmp/pvpn-dd/Build/Intermediates.noindex/PrivateVPN.build/Debug-iphoneos/PrivateVPN.build/Script-59BA6819AF085081FBC84247.sh

WriteAuxiliaryFile /tmp/pvpn-dd/Build/Intermediates.noindex/PrivateVPN.build/Debug-iphoneos/PrivateVPN.build/PrivateVPN.hmap (in target 'PrivateVPN' from project 'PrivateVPN')
    cd /Volumes/BIWIN/SourcesCode/PrivateVPN
    write-file /tmp/pvpn-dd/Build/Intermediates.noindex/PrivateVPN.build/Debug-iphoneos/PrivateVPN.build/PrivateVPN.hmap

WriteAuxiliaryFile /tmp/pvpn-dd/Build/Intermediates.noindex/PrivateVPN.build/Debug-iphoneos/PrivateVPN.build/PrivateVPN.DependencyStaticMetadataFileList (in target 'PrivateVPN' from project 'PrivateVPN')
    cd /Volumes/BIWIN/SourcesCode/PrivateVPN
    write-file /tmp/pvpn-dd/Build/Intermediates.noindex/PrivateVPN.build/Debug-iphoneos/PrivateVPN.build/PrivateVPN.DependencyStaticMetadataFileList

WriteAuxiliaryFile /tmp/pvpn-dd/Build/Intermediates.noindex/PrivateVPN.build/Debug-iphoneos/PrivateVPN.build/PrivateVPN.DependencyMetadataFileList (in target 'PrivateVPN' from project 'PrivateVPN')
    cd /Volumes/BIWIN/SourcesCode/PrivateVPN
    write-file /tmp/pvpn-dd/Build/Intermediates.noindex/PrivateVPN.build/Debug-iphoneos/PrivateVPN.build/PrivateVPN.DependencyMetadataFileList

WriteAuxiliaryFile /tmp/pvpn-dd/Build/Intermediates.noindex/PrivateVPN.build/Debug-iphoneos/PrivateVPN.build/PrivateVPN-project-headers.hmap (in target 'PrivateVPN' from project 'PrivateVPN')
    cd /Volumes/BIWIN/SourcesCode/PrivateVPN
    write-file /tmp/pvpn-dd/Build/Intermediates.noindex/PrivateVPN.build/Debug-iphoneos/PrivateVPN.build/PrivateVPN-project-headers.hmap

WriteAuxiliaryFile /tmp/pvpn-dd/Build/Intermediates.noindex/PrivateVPN.build/Debug-iphoneos/PrivateVPN.build/PrivateVPN-own-target-headers.hmap (in target 'PrivateVPN' from project 'PrivateVPN')
    cd /Volumes/BIWIN/SourcesCode/PrivateVPN
    write-file /tmp/pvpn-dd/Build/Intermediates.noindex/PrivateVPN.build/Debug-iphoneos/PrivateVPN.build/PrivateVPN-own-target-headers.hmap

WriteAuxiliaryFile /tmp/pvpn-dd/Build/Intermediates.noindex/PrivateVPN.build/Debug-iphoneos/PrivateVPN.build/PrivateVPN-generated-files.hmap (in target 'PrivateVPN' from project 'PrivateVPN')
    cd /Volumes/BIWIN/SourcesCode/PrivateVPN
    write-file /tmp/pvpn-dd/Build/Intermediates.noindex/PrivateVPN.build/Debug-iphoneos/PrivateVPN.build/PrivateVPN-generated-files.hmap

WriteAuxiliaryFile /tmp/pvpn-dd/Build/Intermediates.noindex/PrivateVPN.build/Debug-iphoneos/PrivateVPN.build/PrivateVPN-all-target-headers.hmap (in target 'PrivateVPN' from project 'PrivateVPN')
    cd /Volumes/BIWIN/SourcesCode/PrivateVPN
    write-file /tmp/pvpn-dd/Build/Intermediates.noindex/PrivateVPN.build/Debug-iphoneos/PrivateVPN.build/PrivateVPN-all-target-headers.hmap

WriteAuxiliaryFile /tmp/pvpn-dd/Build/Intermediates.noindex/PrivateVPN.build/Debug-iphoneos/PrivateVPN.build/PrivateVPN-all-non-framework-target-headers.hmap (in target 'PrivateVPN' from project 'PrivateVPN')
    cd /Volumes/BIWIN/SourcesCode/PrivateVPN
    write-file /tmp/pvpn-dd/Build/Intermediates.noindex/PrivateVPN.build/Debug-iphoneos/PrivateVPN.build/PrivateVPN-all-non-framework-target-headers.hmap

WriteAuxiliaryFile /tmp/pvpn-dd/Build/Intermediates.noindex/PrivateVPN.build/Debug-iphoneos/PrivateVPN.build/PrivateVPN-DebugDylibPath-normal-arm64.txt (in target 'PrivateVPN' from project 'PrivateVPN')
    cd /Volumes/BIWIN/SourcesCode/PrivateVPN
    write-file /tmp/pvpn-dd/Build/Intermediates.noindex/PrivateVPN.build/Debug-iphoneos/PrivateVPN.build/PrivateVPN-DebugDylibPath-normal-arm64.txt

WriteAuxiliaryFile /tmp/pvpn-dd/Build/Intermediates.noindex/PrivateVPN.build/Debug-iphoneos/PrivateVPN.build/PrivateVPN-DebugDylibInstallName-normal-arm64.txt (in target 'PrivateVPN' from project 'PrivateVPN')
    cd /Volumes/BIWIN/SourcesCode/PrivateVPN
    write-file /tmp/pvpn-dd/Build/Intermediates.noindex/PrivateVPN.build/Debug-iphoneos/PrivateVPN.build/PrivateVPN-DebugDylibInstallName-normal-arm64.txt

WriteAuxiliaryFile /tmp/pvpn-dd/Build/Intermediates.noindex/PrivateVPN.build/Debug-iphoneos/PrivateVPN.build/Objects-normal/arm64/PrivateVPN_const_extract_protocols.json (in target 'PrivateVPN' from project 'PrivateVPN')
    cd /Volumes/BIWIN/SourcesCode/PrivateVPN
    write-file /tmp/pvpn-dd/Build/Intermediates.noindex/PrivateVPN.build/Debug-iphoneos/PrivateVPN.build/Objects-normal/arm64/PrivateVPN_const_extract_protocols.json

WriteAuxiliaryFile /tmp/pvpn-dd/Build/Intermediates.noindex/PrivateVPN.build/Debug-iphoneos/PrivateVPN.build/Objects-normal/arm64/PrivateVPN.SwiftFileList (in target 'PrivateVPN' from project 'PrivateVPN')
    cd /Volumes/BIWIN/SourcesCode/PrivateVPN
    write-file /tmp/pvpn-dd/Build/Intermediates.noindex/PrivateVPN.build/Debug-iphoneos/PrivateVPN.build/Objects-normal/arm64/PrivateVPN.SwiftFileList

WriteAuxiliaryFile /tmp/pvpn-dd/Build/Intermediates.noindex/PrivateVPN.build/Debug-iphoneos/PrivateVPN.build/Objects-normal/arm64/PrivateVPN.SwiftConstValuesFileList (in target 'PrivateVPN' from project 'PrivateVPN')
    cd /Volumes/BIWIN/SourcesCode/PrivateVPN
    write-file /tmp/pvpn-dd/Build/Intermediates.noindex/PrivateVPN.build/Debug-iphoneos/PrivateVPN.build/Objects-normal/arm64/PrivateVPN.SwiftConstValuesFileList

WriteAuxiliaryFile /tmp/pvpn-dd/Build/Intermediates.noindex/PrivateVPN.build/Debug-iphoneos/PrivateVPN.build/Objects-normal/arm64/PrivateVPN.LinkFileList (in target 'PrivateVPN' from project 'PrivateVPN')
    cd /Volumes/BIWIN/SourcesCode/PrivateVPN
    write-file /tmp/pvpn-dd/Build/Intermediates.noindex/PrivateVPN.build/Debug-iphoneos/PrivateVPN.build/Objects-normal/arm64/PrivateVPN.LinkFileList

WriteAuxiliaryFile /tmp/pvpn-dd/Build/Intermediates.noindex/PrivateVPN.build/Debug-iphoneos/PrivateVPN.build/Objects-normal/arm64/PrivateVPN-OutputFileMap.json (in target 'PrivateVPN' from project 'PrivateVPN')
    cd /Volumes/BIWIN/SourcesCode/PrivateVPN
    write-file /tmp/pvpn-dd/Build/Intermediates.noindex/PrivateVPN.build/Debug-iphoneos/PrivateVPN.build/Objects-normal/arm64/PrivateVPN-OutputFileMap.json

MkDir /tmp/pvpn-dd/Build/Products/Debug-iphoneos/PrivateVPN.app (in target 'PrivateVPN' from project 'PrivateVPN')
    cd /Volumes/BIWIN/SourcesCode/PrivateVPN
    /bin/mkdir -p /tmp/pvpn-dd/Build/Products/Debug-iphoneos/PrivateVPN.app

MkDir /tmp/pvpn-dd/Build/Products/Debug-iphoneos/PrivateVPN.app/PlugIns (in target 'PrivateVPN' from project 'PrivateVPN')
    cd /Volumes/BIWIN/SourcesCode/PrivateVPN
    /bin/mkdir -p /tmp/pvpn-dd/Build/Products/Debug-iphoneos/PrivateVPN.app/PlugIns

CreateBuildDirectory /tmp/pvpn-dd/Build/Products/Debug-iphoneos/PackageFrameworks
    cd /Volumes/BIWIN/SourcesCode/PrivateVPN/PrivateVPN.xcodeproj
    builtin-create-build-directory /tmp/pvpn-dd/Build/Products/Debug-iphoneos/PackageFrameworks

SwiftDriver WireGuardKit normal arm64 com.apple.xcode.tools.swift.compiler (in target 'WireGuardKit' from project 'WireGuardKit')
    cd /Volumes/BIWIN/SourcesCode/PrivateVPN/PrivateVPN.xcodeproj
    builtin-SwiftDriver -- /Applications/Xcode.app/Contents/Developer/Toolchains/XcodeDefault.xctoolchain/usr/bin/swiftc -module-name WireGuardKit -Onone @/tmp/pvpn-dd/Build/Intermediates.noindex/WireGuardKit.build/Debug-iphoneos/WireGuardKit.build/Objects-normal/arm64/WireGuardKit.SwiftFileList -DSWIFT_PACKAGE -DDEBUG -DSWIFT_MODULE_RESOURCE_BUNDLE_UNAVAILABLE -DXcode -plugin-path /Applications/Xcode.app/Contents/Developer/Toolchains/XcodeDefault.xctoolchain/usr/lib/swift/host/plugins/testing -enable-experimental-feature DebugDescriptionMacro -sdk /Applications/Xcode.app/Contents/Developer/Platforms/iPhoneOS.platform/Developer/SDKs/iPhoneOS26.5.sdk -target arm64-apple-ios12.0 -g -module-cache-path /tmp/pvpn-dd/ModuleCache.noindex -Xfrontend -serialize-debugging-options -enable-testing -index-store-path /tmp/pvpn-dd/Index.noindex/DataStore -Xcc -D_LIBCPP_HARDENING_MODE\=_LIBCPP_HARDENING_MODE_DEBUG -swift-version 5 -I /tmp/pvpn-dd/Build/Products/Debug-iphoneos -Isystem /Applications/Xcode.app/Contents/Developer/Platforms/iPhoneOS.platform/Developer/usr/lib -F /tmp/pvpn-dd/Build/Products/Debug-iphoneos/PackageFrameworks -F /tmp/pvpn-dd/Build/Products/Debug-iphoneos/PackageFrameworks -F /tmp/pvpn-dd/Build/Products/Debug-iphoneos -F /Applications/Xcode.app/Contents/Developer/Platforms/iPhoneOS.platform/Developer/Library/Frameworks -F /Applications/Xcode.app/Contents/Developer/Platforms/iPhoneOS.platform/Developer/SDKs/iPhoneOS26.5.sdk/Developer/Library/Frameworks -c -j8 -enable-batch-mode -incremental -Xcc -ivfsstatcache -Xcc /tmp/pvpn-dd/SDKStatCaches.noindex/iphoneos26.5-23F81a-32daed1954a7d5dd0789fcaf2a9bb78b.sdkstatcache -output-file-map /tmp/pvpn-dd/Build/Intermediates.noindex/WireGuardKit.build/Debug-iphoneos/WireGuardKit.build/Objects-normal/arm64/WireGuardKit-OutputFileMap.json -use-frontend-parseable-output -save-temps -no-color-diagnostics -explicit-module-build -module-cache-path /tmp/pvpn-dd/Build/Intermediates.noindex/SwiftExplicitPrecompiledModules -clang-scanner-module-cache-path /tmp/pvpn-dd/ModuleCache.noindex -sdk-module-cache-path /tmp/pvpn-dd/ModuleCache.noindex -serialize-diagnostics -emit-dependencies -emit-module -emit-module-path /tmp/pvpn-dd/Build/Intermediates.noindex/WireGuardKit.build/Debug-iphoneos/WireGuardKit.build/Objects-normal/arm64/WireGuardKit.swiftmodule -validate-clang-modules-once -clang-build-session-file /tmp/pvpn-dd/ModuleCache.noindex/Session.modulevalidation -Xcc -I/tmp/pvpn-dd/Build/Intermediates.noindex/WireGuardKit.build/Debug-iphoneos/WireGuardKit.build/swift-overrides.hmap -emit-const-values -Xfrontend -const-gather-protocols-file -Xfrontend /tmp/pvpn-dd/Build/Intermediates.noindex/WireGuardKit.build/Debug-iphoneos/WireGuardKit.build/Objects-normal/arm64/WireGuardKit_const_extract_protocols.json -Xcc -I/Volumes/BIWIN/SourcesCode/PrivateVPN/Vendor/WireGuardKit/Sources/WireGuardKitC -Xcc -I/Volumes/BIWIN/SourcesCode/PrivateVPN/Vendor/WireGuardKit/Sources/WireGuardKitGo -Xcc -I/tmp/pvpn-dd/Build/Products/Debug-iphoneos/include -Xcc -I/tmp/pvpn-dd/Build/Intermediates.noindex/WireGuardKit.build/Debug-iphoneos/WireGuardKit.build/DerivedSources-normal/arm64 -Xcc -I/tmp/pvpn-dd/Build/Intermediates.noindex/WireGuardKit.build/Debug-iphoneos/WireGuardKit.build/DerivedSources/arm64 -Xcc -I/tmp/pvpn-dd/Build/Intermediates.noindex/WireGuardKit.build/Debug-iphoneos/WireGuardKit.build/DerivedSources -Xcc -DSWIFT_PACKAGE -Xcc -DDEBUG\=1 -emit-objc-header -emit-objc-header-path /tmp/pvpn-dd/Build/Intermediates.noindex/WireGuardKit.build/Debug-iphoneos/WireGuardKit.build/Objects-normal/arm64/WireGuardKit-Swift.h -working-directory /Volumes/BIWIN/SourcesCode/PrivateVPN/PrivateVPN.xcodeproj -experimental-emit-module-separately -disable-cmo

ScanDependencies /tmp/pvpn-dd/Build/Intermediates.noindex/WireGuardKit.build/Debug-iphoneos/WireGuardKitC.build/Objects-normal/arm64/key.o /Volumes/BIWIN/SourcesCode/PrivateVPN/Vendor/WireGuardKit/Sources/WireGuardKitC/key.c normal arm64 c com.apple.compilers.llvm.clang.1_0.compiler (in target 'WireGuardKitC' from project 'WireGuardKit')
    cd /Volumes/BIWIN/SourcesCode/PrivateVPN/PrivateVPN.xcodeproj
    
    Using response file: /tmp/pvpn-dd/Build/Intermediates.noindex/WireGuardKit.build/Debug-iphoneos/WireGuardKitC.build/Objects-normal/arm64/7187679823f38a2a940e0043cdf9d637-common-args.resp
    
    builtin-ScanDependencies -o /tmp/pvpn-dd/Build/Intermediates.noindex/WireGuardKit.build/Debug-iphoneos/WireGuardKitC.build/Objects-normal/arm64/key.o.scan -- /Applications/Xcode.app/Contents/Developer/Toolchains/XcodeDefault.xctoolchain/usr/bin/clang -x c -ivfsstatcache /tmp/pvpn-dd/SDKStatCaches.noindex/iphoneos26.5-23F81a-32daed1954a7d5dd0789fcaf2a9bb78b.sdkstatcache -target arm64-apple-ios12.0 -fmessage-length\=0 -fdiagnostics-show-note-include-stack -fmacro-backtrace-limit\=0 -fno-color-diagnostics -fmodules-prune-interval\=86400 -fmodules-prune-after\=345600 -fbuild-session-file\=/tmp/pvpn-dd/ModuleCache.noindex/Session.modulevalidation -fmodules-validate-once-per-build-session -Wnon-modular-include-in-framework-module -Werror\=non-modular-include-in-framework-module -Wno-trigraphs -Wno-missing-field-initializers -Wno-missing-prototypes -Wno-return-type -Wno-missing-braces -Wparentheses -Wswitch -Wno-unused-function -Wno-unused-label -Wno-unused-parameter -Wno-unused-variable -Wunused-value -Wno-empty-body -Wno-uninitialized -Wno-unknown-pragmas -Wno-shadow -Wno-four-char-constants -Wno-conversion -Wno-constant-conversion -Wno-int-conversion -Wno-bool-conversion -Wno-enum-conversion -Wno-float-conversion -Wno-non-literal-null-conversion -Wno-objc-literal-conversion -Wshorten-64-to-32 -Wpointer-sign -Wno-newline-eof -Wno-implicit-fallthrough -isysroot /Applications/Xcode.app/Contents/Developer/Platforms/iPhoneOS.platform/Developer/SDKs/iPhoneOS26.5.sdk -fstrict-aliasing -Wdeprecated-declarations -Wno-sign-conversion -Wno-infinite-recursion -Wno-comma -Wno-block-capture-autoreleasing -Wno-strict-prototypes -Wno-semicolon-before-method-body -index-store-path /tmp/pvpn-dd/Index.noindex/DataStore @/tmp/pvpn-dd/Build/Intermediates.noindex/WireGuardKit.build/Debug-iphoneos/WireGuardKitC.build/Objects-normal/arm64/7187679823f38a2a940e0043cdf9d637-common-args.resp -MMD -MT dependencies -MF /tmp/pvpn-dd/Build/Intermediates.noindex/WireGuardKit.build/Debug-iphoneos/WireGuardKitC.build/Objects-normal/arm64/key.d --serialize-diagnostics /tmp/pvpn-dd/Build/Intermediates.noindex/WireGuardKit.build/Debug-iphoneos/WireGuardKitC.build/Objects-normal/arm64/key.dia -c /Volumes/BIWIN/SourcesCode/PrivateVPN/Vendor/WireGuardKit/Sources/WireGuardKitC/key.c -o /tmp/pvpn-dd/Build/Intermediates.noindex/WireGuardKit.build/Debug-iphoneos/WireGuardKitC.build/Objects-normal/arm64/key.o -index-unit-output-path /WireGuardKit.build/Debug-iphoneos/WireGuardKitC.build/Objects-normal/arm64/key.o

ScanDependencies /tmp/pvpn-dd/Build/Intermediates.noindex/WireGuardKit.build/Debug-iphoneos/WireGuardKitGo.build/Objects-normal/arm64/dummy.o /Volumes/BIWIN/SourcesCode/PrivateVPN/Vendor/WireGuardKit/Sources/WireGuardKitGo/dummy.c normal arm64 c com.apple.compilers.llvm.clang.1_0.compiler (in target 'WireGuardKitGo' from project 'WireGuardKit')
    cd /Volumes/BIWIN/SourcesCode/PrivateVPN/PrivateVPN.xcodeproj
    
    Using response file: /tmp/pvpn-dd/Build/Intermediates.noindex/WireGuardKit.build/Debug-iphoneos/WireGuardKitGo.build/Objects-normal/arm64/7187679823f38a2a940e0043cdf9d637-common-args.resp
    
    builtin-ScanDependencies -o /tmp/pvpn-dd/Build/Intermediates.noindex/WireGuardKit.build/Debug-iphoneos/WireGuardKitGo.build/Objects-normal/arm64/dummy.o.scan -- /Applications/Xcode.app/Contents/Developer/Toolchains/XcodeDefault.xctoolchain/usr/bin/clang -x c -ivfsstatcache /tmp/pvpn-dd/SDKStatCaches.noindex/iphoneos26.5-23F81a-32daed1954a7d5dd0789fcaf2a9bb78b.sdkstatcache -target arm64-apple-ios12.0 -fmessage-length\=0 -fdiagnostics-show-note-include-stack -fmacro-backtrace-limit\=0 -fno-color-diagnostics -fmodules-prune-interval\=86400 -fmodules-prune-after\=345600 -fbuild-session-file\=/tmp/pvpn-dd/ModuleCache.noindex/Session.modulevalidation -fmodules-validate-once-per-build-session -Wnon-modular-include-in-framework-module -Werror\=non-modular-include-in-framework-module -Wno-trigraphs -Wno-missing-field-initializers -Wno-missing-prototypes -Wno-return-type -Wno-missing-braces -Wparentheses -Wswitch -Wno-unused-function -Wno-unused-label -Wno-unused-parameter -Wno-unused-variable -Wunused-value -Wno-empty-body -Wno-uninitialized -Wno-unknown-pragmas -Wno-shadow -Wno-four-char-constants -Wno-conversion -Wno-constant-conversion -Wno-int-conversion -Wno-bool-conversion -Wno-enum-conversion -Wno-float-conversion -Wno-non-literal-null-conversion -Wno-objc-literal-conversion -Wshorten-64-to-32 -Wpointer-sign -Wno-newline-eof -Wno-implicit-fallthrough -isysroot /Applications/Xcode.app/Contents/Developer/Platforms/iPhoneOS.platform/Developer/SDKs/iPhoneOS26.5.sdk -fstrict-aliasing -Wdeprecated-declarations -Wno-sign-conversion -Wno-infinite-recursion -Wno-comma -Wno-block-capture-autoreleasing -Wno-strict-prototypes -Wno-semicolon-before-method-body -index-store-path /tmp/pvpn-dd/Index.noindex/DataStore @/tmp/pvpn-dd/Build/Intermediates.noindex/WireGuardKit.build/Debug-iphoneos/WireGuardKitGo.build/Objects-normal/arm64/7187679823f38a2a940e0043cdf9d637-common-args.resp -MMD -MT dependencies -MF /tmp/pvpn-dd/Build/Intermediates.noindex/WireGuardKit.build/Debug-iphoneos/WireGuardKitGo.build/Objects-normal/arm64/dummy.d --serialize-diagnostics /tmp/pvpn-dd/Build/Intermediates.noindex/WireGuardKit.build/Debug-iphoneos/WireGuardKitGo.build/Objects-normal/arm64/dummy.dia -c /Volumes/BIWIN/SourcesCode/PrivateVPN/Vendor/WireGuardKit/Sources/WireGuardKitGo/dummy.c -o /tmp/pvpn-dd/Build/Intermediates.noindex/WireGuardKit.build/Debug-iphoneos/WireGuardKitGo.build/Objects-normal/arm64/dummy.o -index-unit-output-path /WireGuardKit.build/Debug-iphoneos/WireGuardKitGo.build/Objects-normal/arm64/dummy.o

ScanDependencies /tmp/pvpn-dd/Build/Intermediates.noindex/WireGuardKit.build/Debug-iphoneos/WireGuardKitC.build/Objects-normal/arm64/x25519.o /Volumes/BIWIN/SourcesCode/PrivateVPN/Vendor/WireGuardKit/Sources/WireGuardKitC/x25519.c normal arm64 c com.apple.compilers.llvm.clang.1_0.compiler (in target 'WireGuardKitC' from project 'WireGuardKit')
    cd /Volumes/BIWIN/SourcesCode/PrivateVPN/PrivateVPN.xcodeproj
    
    Using response file: /tmp/pvpn-dd/Build/Intermediates.noindex/WireGuardKit.build/Debug-iphoneos/WireGuardKitC.build/Objects-normal/arm64/7187679823f38a2a940e0043cdf9d637-common-args.resp
    
    builtin-ScanDependencies -o /tmp/pvpn-dd/Build/Intermediates.noindex/WireGuardKit.build/Debug-iphoneos/WireGuardKitC.build/Objects-normal/arm64/x25519.o.scan -- /Applications/Xcode.app/Contents/Developer/Toolchains/XcodeDefault.xctoolchain/usr/bin/clang -x c -ivfsstatcache /tmp/pvpn-dd/SDKStatCaches.noindex/iphoneos26.5-23F81a-32daed1954a7d5dd0789fcaf2a9bb78b.sdkstatcache -target arm64-apple-ios12.0 -fmessage-length\=0 -fdiagnostics-show-note-include-stack -fmacro-backtrace-limit\=0 -fno-color-diagnostics -fmodules-prune-interval\=86400 -fmodules-prune-after\=345600 -fbuild-session-file\=/tmp/pvpn-dd/ModuleCache.noindex/Session.modulevalidation -fmodules-validate-once-per-build-session -Wnon-modular-include-in-framework-module -Werror\=non-modular-include-in-framework-module -Wno-trigraphs -Wno-missing-field-initializers -Wno-missing-prototypes -Wno-return-type -Wno-missing-braces -Wparentheses -Wswitch -Wno-unused-function -Wno-unused-label -Wno-unused-parameter -Wno-unused-variable -Wunused-value -Wno-empty-body -Wno-uninitialized -Wno-unknown-pragmas -Wno-shadow -Wno-four-char-constants -Wno-conversion -Wno-constant-conversion -Wno-int-conversion -Wno-bool-conversion -Wno-enum-conversion -Wno-float-conversion -Wno-non-literal-null-conversion -Wno-objc-literal-conversion -Wshorten-64-to-32 -Wpointer-sign -Wno-newline-eof -Wno-implicit-fallthrough -isysroot /Applications/Xcode.app/Contents/Developer/Platforms/iPhoneOS.platform/Developer/SDKs/iPhoneOS26.5.sdk -fstrict-aliasing -Wdeprecated-declarations -Wno-sign-conversion -Wno-infinite-recursion -Wno-comma -Wno-block-capture-autoreleasing -Wno-strict-prototypes -Wno-semicolon-before-method-body -index-store-path /tmp/pvpn-dd/Index.noindex/DataStore @/tmp/pvpn-dd/Build/Intermediates.noindex/WireGuardKit.build/Debug-iphoneos/WireGuardKitC.build/Objects-normal/arm64/7187679823f38a2a940e0043cdf9d637-common-args.resp -MMD -MT dependencies -MF /tmp/pvpn-dd/Build/Intermediates.noindex/WireGuardKit.build/Debug-iphoneos/WireGuardKitC.build/Objects-normal/arm64/x25519.d --serialize-diagnostics /tmp/pvpn-dd/Build/Intermediates.noindex/WireGuardKit.build/Debug-iphoneos/WireGuardKitC.build/Objects-normal/arm64/x25519.dia -c /Volumes/BIWIN/SourcesCode/PrivateVPN/Vendor/WireGuardKit/Sources/WireGuardKitC/x25519.c -o /tmp/pvpn-dd/Build/Intermediates.noindex/WireGuardKit.build/Debug-iphoneos/WireGuardKitC.build/Objects-normal/arm64/x25519.o -index-unit-output-path /WireGuardKit.build/Debug-iphoneos/WireGuardKitC.build/Objects-normal/arm64/x25519.o

CompileC /tmp/pvpn-dd/Build/Intermediates.noindex/WireGuardKit.build/Debug-iphoneos/WireGuardKitGo.build/Objects-normal/arm64/dummy.o /Volumes/BIWIN/SourcesCode/PrivateVPN/Vendor/WireGuardKit/Sources/WireGuardKitGo/dummy.c normal arm64 c com.apple.compilers.llvm.clang.1_0.compiler (in target 'WireGuardKitGo' from project 'WireGuardKit')
    cd /Volumes/BIWIN/SourcesCode/PrivateVPN/PrivateVPN.xcodeproj
    
    Using response file: /tmp/pvpn-dd/Build/Intermediates.noindex/WireGuardKit.build/Debug-iphoneos/WireGuardKitGo.build/Objects-normal/arm64/7187679823f38a2a940e0043cdf9d637-common-args.resp
    
    /Applications/Xcode.app/Contents/Developer/Toolchains/XcodeDefault.xctoolchain/usr/bin/clang -x c -ivfsstatcache /tmp/pvpn-dd/SDKStatCaches.noindex/iphoneos26.5-23F81a-32daed1954a7d5dd0789fcaf2a9bb78b.sdkstatcache -target arm64-apple-ios12.0 -fmessage-length\=0 -fdiagnostics-show-note-include-stack -fmacro-backtrace-limit\=0 -fno-color-diagnostics -fmodules-prune-interval\=86400 -fmodules-prune-after\=345600 -fbuild-session-file\=/tmp/pvpn-dd/ModuleCache.noindex/Session.modulevalidation -fmodules-validate-once-per-build-session -Wnon-modular-include-in-framework-module -Werror\=non-modular-include-in-framework-module -Wno-trigraphs -Wno-missing-field-initializers -Wno-missing-prototypes -Wno-return-type -Wno-missing-braces -Wparentheses -Wswitch -Wno-unused-function -Wno-unused-label -Wno-unused-parameter -Wno-unused-variable -Wunused-value -Wno-empty-body -Wno-uninitialized -Wno-unknown-pragmas -Wno-shadow -Wno-four-char-constants -Wno-conversion -Wno-constant-conversion -Wno-int-conversion -Wno-bool-conversion -Wno-enum-conversion -Wno-float-conversion -Wno-non-literal-null-conversion -Wno-objc-literal-conversion -Wshorten-64-to-32 -Wpointer-sign -Wno-newline-eof -Wno-implicit-fallthrough -isysroot /Applications/Xcode.app/Contents/Developer/Platforms/iPhoneOS.platform/Developer/SDKs/iPhoneOS26.5.sdk -fstrict-aliasing -Wdeprecated-declarations -Wno-sign-conversion -Wno-infinite-recursion -Wno-comma -Wno-block-capture-autoreleasing -Wno-strict-prototypes -Wno-semicolon-before-method-body -index-store-path /tmp/pvpn-dd/Index.noindex/DataStore @/tmp/pvpn-dd/Build/Intermediates.noindex/WireGuardKit.build/Debug-iphoneos/WireGuardKitGo.build/Objects-normal/arm64/7187679823f38a2a940e0043cdf9d637-common-args.resp -MMD -MT dependencies -MF /tmp/pvpn-dd/Build/Intermediates.noindex/WireGuardKit.build/Debug-iphoneos/WireGuardKitGo.build/Objects-normal/arm64/dummy.d --serialize-diagnostics /tmp/pvpn-dd/Build/Intermediates.noindex/WireGuardKit.build/Debug-iphoneos/WireGuardKitGo.build/Objects-normal/arm64/dummy.dia -c /Volumes/BIWIN/SourcesCode/PrivateVPN/Vendor/WireGuardKit/Sources/WireGuardKitGo/dummy.c -o /tmp/pvpn-dd/Build/Intermediates.noindex/WireGuardKit.build/Debug-iphoneos/WireGuardKitGo.build/Objects-normal/arm64/dummy.o -index-unit-output-path /WireGuardKit.build/Debug-iphoneos/WireGuardKitGo.build/Objects-normal/arm64/dummy.o

Ld /tmp/pvpn-dd/Build/Products/Debug-iphoneos/WireGuardKitGo.o normal (in target 'WireGuardKitGo' from project 'WireGuardKit')
    cd /Volumes/BIWIN/SourcesCode/PrivateVPN/Vendor/WireGuardKit
    /Applications/Xcode.app/Contents/Developer/Toolchains/XcodeDefault.xctoolchain/usr/bin/clang -Xlinker -reproducible -target arm64-apple-ios12.0 -r -isysroot /Applications/Xcode.app/Contents/Developer/Platforms/iPhoneOS.platform/Developer/SDKs/iPhoneOS26.5.sdk -O0 -F/tmp/pvpn-dd/Build/Intermediates.noindex/EagerLinkingTBDs/Debug-iphoneos -F/tmp/pvpn-dd/Build/Products/Debug-iphoneos -iframework /Applications/Xcode.app/Contents/Developer/Platforms/iPhoneOS.platform/Developer/Library/Frameworks -iframework /Applications/Xcode.app/Contents/Developer/Platforms/iPhoneOS.platform/Developer/SDKs/iPhoneOS26.5.sdk/Developer/Library/Frameworks -filelist /tmp/pvpn-dd/Build/Intermediates.noindex/WireGuardKit.build/Debug-iphoneos/WireGuardKitGo.build/Objects-normal/arm64/WireGuardKitGo.LinkFileList -nostdlib -Xlinker -object_path_lto -Xlinker /tmp/pvpn-dd/Build/Intermediates.noindex/WireGuardKit.build/Debug-iphoneos/WireGuardKitGo.build/Objects-normal/arm64/WireGuardKitGo_lto.o -Xlinker -no_deduplicate -Xlinker -dependency_info -Xlinker /tmp/pvpn-dd/Build/Intermediates.noindex/WireGuardKit.build/Debug-iphoneos/WireGuardKitGo.build/Objects-normal/arm64/WireGuardKitGo_dependency_info.dat -o /tmp/pvpn-dd/Build/Products/Debug-iphoneos/WireGuardKitGo.o

PrecompileModule /tmp/pvpn-dd/Build/Intermediates.noindex/ExplicitPrecompiledModules/ptrcheck-EM43SIHU5RPGINTYDNAIESA4J.scan
    cd /
    builtin-precompileModule /tmp/pvpn-dd/Build/Intermediates.noindex/ExplicitPrecompiledModules/ptrcheck-EM43SIHU5RPGINTYDNAIESA4J.scan

PrecompileModule /tmp/pvpn-dd/Build/Intermediates.noindex/ExplicitPrecompiledModules/_Builtin_stdbool-6PC484O9HSQ152QJTUTHDQYMP.scan
    cd /
    builtin-precompileModule /tmp/pvpn-dd/Build/Intermediates.noindex/ExplicitPrecompiledModules/_Builtin_stdbool-6PC484O9HSQ152QJTUTHDQYMP.scan

PrecompileModule /tmp/pvpn-dd/Build/Intermediates.noindex/ExplicitPrecompiledModules/_AvailabilityInternal-6DPNB5UE85XVV3V92ZNY2JR5K.scan
    cd /
    builtin-precompileModule /tmp/pvpn-dd/Build/Intermediates.noindex/ExplicitPrecompiledModules/_AvailabilityInternal-6DPNB5UE85XVV3V92ZNY2JR5K.scan

PrecompileModule /tmp/pvpn-dd/Build/Intermediates.noindex/ExplicitPrecompiledModules/_Builtin_stddef-AEY470OS67Q2K44Z8A2UMY9PC.scan
    cd /
    builtin-precompileModule /tmp/pvpn-dd/Build/Intermediates.noindex/ExplicitPrecompiledModules/_Builtin_stddef-AEY470OS67Q2K44Z8A2UMY9PC.scan

PrecompileModule /tmp/pvpn-dd/Build/Intermediates.noindex/ExplicitPrecompiledModules/_Builtin_stdarg-D90ID07NRDO1XAB8HUR1I3FSA.scan
    cd /
    builtin-precompileModule /tmp/pvpn-dd/Build/Intermediates.noindex/ExplicitPrecompiledModules/_Builtin_stdarg-D90ID07NRDO1XAB8HUR1I3FSA.scan

PrecompileModule /tmp/pvpn-dd/Build/Intermediates.noindex/ExplicitPrecompiledModules/_DarwinFoundation1-7CR1O2RK7WXBZXYCH8T2DZ5KN.scan
    cd /
    builtin-precompileModule /tmp/pvpn-dd/Build/Intermediates.noindex/ExplicitPrecompiledModules/_DarwinFoundation1-7CR1O2RK7WXBZXYCH8T2DZ5KN.scan

RegisterExecutionPolicyException /tmp/pvpn-dd/Build/Products/Debug-iphoneos/WireGuardKitGo.o (in target 'WireGuardKitGo' from project 'WireGuardKit')
    cd /Volumes/BIWIN/SourcesCode/PrivateVPN/Vendor/WireGuardKit
    builtin-RegisterExecutionPolicyException /tmp/pvpn-dd/Build/Products/Debug-iphoneos/WireGuardKitGo.o

PrecompileModule /tmp/pvpn-dd/Build/Intermediates.noindex/ExplicitPrecompiledModules/_DarwinFoundation2-EHKSFY71IDJ02Q32IR730XFJS.scan
    cd /
    builtin-precompileModule /tmp/pvpn-dd/Build/Intermediates.noindex/ExplicitPrecompiledModules/_DarwinFoundation2-EHKSFY71IDJ02Q32IR730XFJS.scan

PrecompileModule /tmp/pvpn-dd/Build/Intermediates.noindex/ExplicitPrecompiledModules/_Builtin_limits-121MOQXNQCNO4B9Q382U2E6IS.scan
    cd /
    builtin-precompileModule /tmp/pvpn-dd/Build/Intermediates.noindex/ExplicitPrecompiledModules/_Builtin_limits-121MOQXNQCNO4B9Q382U2E6IS.scan

PrecompileModule /tmp/pvpn-dd/Build/Intermediates.noindex/ExplicitPrecompiledModules/_Builtin_stdint-ADADOUY7LQBP9EIS2G5451I5T.scan
    cd /
    builtin-precompileModule /tmp/pvpn-dd/Build/Intermediates.noindex/ExplicitPrecompiledModules/_Builtin_stdint-ADADOUY7LQBP9EIS2G5451I5T.scan

PrecompileModule /tmp/pvpn-dd/Build/Intermediates.noindex/ExplicitPrecompiledModules/_DarwinFoundation3-9AWK22T7DLUT8I8W8YZ4H5BHS.scan
    cd /
    builtin-precompileModule /tmp/pvpn-dd/Build/Intermediates.noindex/ExplicitPrecompiledModules/_DarwinFoundation3-9AWK22T7DLUT8I8W8YZ4H5BHS.scan

CompileC /tmp/pvpn-dd/Build/Intermediates.noindex/WireGuardKit.build/Debug-iphoneos/WireGuardKitC.build/Objects-normal/arm64/key.o /Volumes/BIWIN/SourcesCode/PrivateVPN/Vendor/WireGuardKit/Sources/WireGuardKitC/key.c normal arm64 c com.apple.compilers.llvm.clang.1_0.compiler (in target 'WireGuardKitC' from project 'WireGuardKit')
    cd /Volumes/BIWIN/SourcesCode/PrivateVPN/PrivateVPN.xcodeproj
    
    Using response file: /tmp/pvpn-dd/Build/Intermediates.noindex/WireGuardKit.build/Debug-iphoneos/WireGuardKitC.build/Objects-normal/arm64/7187679823f38a2a940e0043cdf9d637-common-args.resp
    
    /Applications/Xcode.app/Contents/Developer/Toolchains/XcodeDefault.xctoolchain/usr/bin/clang -x c -ivfsstatcache /tmp/pvpn-dd/SDKStatCaches.noindex/iphoneos26.5-23F81a-32daed1954a7d5dd0789fcaf2a9bb78b.sdkstatcache -target arm64-apple-ios12.0 -fmessage-length\=0 -fdiagnostics-show-note-include-stack -fmacro-backtrace-limit\=0 -fno-color-diagnostics -fmodules-prune-interval\=86400 -fmodules-prune-after\=345600 -fbuild-session-file\=/tmp/pvpn-dd/ModuleCache.noindex/Session.modulevalidation -fmodules-validate-once-per-build-session -Wnon-modular-include-in-framework-module -Werror\=non-modular-include-in-framework-module -Wno-trigraphs -Wno-missing-field-initializers -Wno-missing-prototypes -Wno-return-type -Wno-missing-braces -Wparentheses -Wswitch -Wno-unused-function -Wno-unused-label -Wno-unused-parameter -Wno-unused-variable -Wunused-value -Wno-empty-body -Wno-uninitialized -Wno-unknown-pragmas -Wno-shadow -Wno-four-char-constants -Wno-conversion -Wno-constant-conversion -Wno-int-conversion -Wno-bool-conversion -Wno-enum-conversion -Wno-float-conversion -Wno-non-literal-null-conversion -Wno-objc-literal-conversion -Wshorten-64-to-32 -Wpointer-sign -Wno-newline-eof -Wno-implicit-fallthrough -isysroot /Applications/Xcode.app/Contents/Developer/Platforms/iPhoneOS.platform/Developer/SDKs/iPhoneOS26.5.sdk -fstrict-aliasing -Wdeprecated-declarations -Wno-sign-conversion -Wno-infinite-recursion -Wno-comma -Wno-block-capture-autoreleasing -Wno-strict-prototypes -Wno-semicolon-before-method-body -index-store-path /tmp/pvpn-dd/Index.noindex/DataStore @/tmp/pvpn-dd/Build/Intermediates.noindex/WireGuardKit.build/Debug-iphoneos/WireGuardKitC.build/Objects-normal/arm64/7187679823f38a2a940e0043cdf9d637-common-args.resp -MMD -MT dependencies -MF /tmp/pvpn-dd/Build/Intermediates.noindex/WireGuardKit.build/Debug-iphoneos/WireGuardKitC.build/Objects-normal/arm64/key.d --serialize-diagnostics /tmp/pvpn-dd/Build/Intermediates.noindex/WireGuardKit.build/Debug-iphoneos/WireGuardKitC.build/Objects-normal/arm64/key.dia -c /Volumes/BIWIN/SourcesCode/PrivateVPN/Vendor/WireGuardKit/Sources/WireGuardKitC/key.c -o /tmp/pvpn-dd/Build/Intermediates.noindex/WireGuardKit.build/Debug-iphoneos/WireGuardKitC.build/Objects-normal/arm64/key.o -index-unit-output-path /WireGuardKit.build/Debug-iphoneos/WireGuardKitC.build/Objects-normal/arm64/key.o

PrecompileModule /tmp/pvpn-dd/Build/Intermediates.noindex/ExplicitPrecompiledModules/CommonCrypto-ES5568PIZW0DEONX9BG9R3FFB.scan
    cd /
    builtin-precompileModule /tmp/pvpn-dd/Build/Intermediates.noindex/ExplicitPrecompiledModules/CommonCrypto-ES5568PIZW0DEONX9BG9R3FFB.scan

CompileC /tmp/pvpn-dd/Build/Intermediates.noindex/WireGuardKit.build/Debug-iphoneos/WireGuardKitC.build/Objects-normal/arm64/x25519.o /Volumes/BIWIN/SourcesCode/PrivateVPN/Vendor/WireGuardKit/Sources/WireGuardKitC/x25519.c normal arm64 c com.apple.compilers.llvm.clang.1_0.compiler (in target 'WireGuardKitC' from project 'WireGuardKit')
    cd /Volumes/BIWIN/SourcesCode/PrivateVPN/PrivateVPN.xcodeproj
    
    Using response file: /tmp/pvpn-dd/Build/Intermediates.noindex/WireGuardKit.build/Debug-iphoneos/WireGuardKitC.build/Objects-normal/arm64/7187679823f38a2a940e0043cdf9d637-common-args.resp
    
    /Applications/Xcode.app/Contents/Developer/Toolchains/XcodeDefault.xctoolchain/usr/bin/clang -x c -ivfsstatcache /tmp/pvpn-dd/SDKStatCaches.noindex/iphoneos26.5-23F81a-32daed1954a7d5dd0789fcaf2a9bb78b.sdkstatcache -target arm64-apple-ios12.0 -fmessage-length\=0 -fdiagnostics-show-note-include-stack -fmacro-backtrace-limit\=0 -fno-color-diagnostics -fmodules-prune-interval\=86400 -fmodules-prune-after\=345600 -fbuild-session-file\=/tmp/pvpn-dd/ModuleCache.noindex/Session.modulevalidation -fmodules-validate-once-per-build-session -Wnon-modular-include-in-framework-module -Werror\=non-modular-include-in-framework-module -Wno-trigraphs -Wno-missing-field-initializers -Wno-missing-prototypes -Wno-return-type -Wno-missing-braces -Wparentheses -Wswitch -Wno-unused-function -Wno-unused-label -Wno-unused-parameter -Wno-unused-variable -Wunused-value -Wno-empty-body -Wno-uninitialized -Wno-unknown-pragmas -Wno-shadow -Wno-four-char-constants -Wno-conversion -Wno-constant-conversion -Wno-int-conversion -Wno-bool-conversion -Wno-enum-conversion -Wno-float-conversion -Wno-non-literal-null-conversion -Wno-objc-literal-conversion -Wshorten-64-to-32 -Wpointer-sign -Wno-newline-eof -Wno-implicit-fallthrough -isysroot /Applications/Xcode.app/Contents/Developer/Platforms/iPhoneOS.platform/Developer/SDKs/iPhoneOS26.5.sdk -fstrict-aliasing -Wdeprecated-declarations -Wno-sign-conversion -Wno-infinite-recursion -Wno-comma -Wno-block-capture-autoreleasing -Wno-strict-prototypes -Wno-semicolon-before-method-body -index-store-path /tmp/pvpn-dd/Index.noindex/DataStore @/tmp/pvpn-dd/Build/Intermediates.noindex/WireGuardKit.build/Debug-iphoneos/WireGuardKitC.build/Objects-normal/arm64/7187679823f38a2a940e0043cdf9d637-common-args.resp -MMD -MT dependencies -MF /tmp/pvpn-dd/Build/Intermediates.noindex/WireGuardKit.build/Debug-iphoneos/WireGuardKitC.build/Objects-normal/arm64/x25519.d --serialize-diagnostics /tmp/pvpn-dd/Build/Intermediates.noindex/WireGuardKit.build/Debug-iphoneos/WireGuardKitC.build/Objects-normal/arm64/x25519.dia -c /Volumes/BIWIN/SourcesCode/PrivateVPN/Vendor/WireGuardKit/Sources/WireGuardKitC/x25519.c -o /tmp/pvpn-dd/Build/Intermediates.noindex/WireGuardKit.build/Debug-iphoneos/WireGuardKitC.build/Objects-normal/arm64/x25519.o -index-unit-output-path /WireGuardKit.build/Debug-iphoneos/WireGuardKitC.build/Objects-normal/arm64/x25519.o

Ld /tmp/pvpn-dd/Build/Products/Debug-iphoneos/WireGuardKitC.o normal (in target 'WireGuardKitC' from project 'WireGuardKit')
    cd /Volumes/BIWIN/SourcesCode/PrivateVPN/Vendor/WireGuardKit
    /Applications/Xcode.app/Contents/Developer/Toolchains/XcodeDefault.xctoolchain/usr/bin/clang -Xlinker -reproducible -target arm64-apple-ios12.0 -r -isysroot /Applications/Xcode.app/Contents/Developer/Platforms/iPhoneOS.platform/Developer/SDKs/iPhoneOS26.5.sdk -O0 -F/tmp/pvpn-dd/Build/Intermediates.noindex/EagerLinkingTBDs/Debug-iphoneos -F/tmp/pvpn-dd/Build/Products/Debug-iphoneos -iframework /Applications/Xcode.app/Contents/Developer/Platforms/iPhoneOS.platform/Developer/Library/Frameworks -iframework /Applications/Xcode.app/Contents/Developer/Platforms/iPhoneOS.platform/Developer/SDKs/iPhoneOS26.5.sdk/Developer/Library/Frameworks -filelist /tmp/pvpn-dd/Build/Intermediates.noindex/WireGuardKit.build/Debug-iphoneos/WireGuardKitC.build/Objects-normal/arm64/WireGuardKitC.LinkFileList -nostdlib -Xlinker -object_path_lto -Xlinker /tmp/pvpn-dd/Build/Intermediates.noindex/WireGuardKit.build/Debug-iphoneos/WireGuardKitC.build/Objects-normal/arm64/WireGuardKitC_lto.o -Xlinker -no_deduplicate -Xlinker -dependency_info -Xlinker /tmp/pvpn-dd/Build/Intermediates.noindex/WireGuardKit.build/Debug-iphoneos/WireGuardKitC.build/Objects-normal/arm64/WireGuardKitC_dependency_info.dat -o /tmp/pvpn-dd/Build/Products/Debug-iphoneos/WireGuardKitC.o

RegisterExecutionPolicyException /tmp/pvpn-dd/Build/Products/Debug-iphoneos/WireGuardKitC.o (in target 'WireGuardKitC' from project 'WireGuardKit')
    cd /Volumes/BIWIN/SourcesCode/PrivateVPN/Vendor/WireGuardKit
    builtin-RegisterExecutionPolicyException /tmp/pvpn-dd/Build/Products/Debug-iphoneos/WireGuardKitC.o

SwiftExplicitDependencyGeneratePcm arm64 /tmp/pvpn-dd/ModuleCache.noindex/_Builtin_stdarg-9FA9BZCY9PGWTNURIDDHLCFVZ.pcm

SwiftExplicitDependencyGeneratePcm arm64 /tmp/pvpn-dd/ModuleCache.noindex/_AvailabilityInternal-BG0GJSCO1BDWIRVUUEXG61VJC.pcm

SwiftExplicitDependencyGeneratePcm arm64 /tmp/pvpn-dd/ModuleCache.noindex/SwiftShims-DBNGIXG5891XJB70KC3M41YNJ.pcm

SwiftExplicitDependencyGeneratePcm arm64 /tmp/pvpn-dd/ModuleCache.noindex/_Builtin_stddef-EKHO59COISHZYKNSFBUO8TOVA.pcm

SwiftExplicitDependencyGeneratePcm arm64 /tmp/pvpn-dd/ModuleCache.noindex/_SwiftConcurrencyShims-EK7CIANXZCCOT53ZPSI71GVA4.pcm

SwiftExplicitDependencyGeneratePcm arm64 /tmp/pvpn-dd/ModuleCache.noindex/_Builtin_float-51HW70X2B0V9E3GIOL5L5O7F4.pcm

SwiftExplicitDependencyGeneratePcm arm64 /tmp/pvpn-dd/ModuleCache.noindex/ptrauth-7I9U00LY2EKCCKNGY3F4VUDFO.pcm

SwiftExplicitDependencyGeneratePcm arm64 /tmp/pvpn-dd/ModuleCache.noindex/_Builtin_stdbool-5LPIR7XKAM6V9ACJ0YWCEU75P.pcm

SwiftExplicitDependencyGeneratePcm arm64 /tmp/pvpn-dd/ModuleCache.noindex/ptrcheck-8J4UIY2SRRTTTMZS8HOEGUH3F.pcm

SwiftExplicitDependencyGeneratePcm arm64 /tmp/pvpn-dd/ModuleCache.noindex/_DarwinFoundation1-8PLYK87LDRCJQ8OX8UAUF0V68.pcm

SwiftExplicitDependencyGeneratePcm arm64 /tmp/pvpn-dd/ModuleCache.noindex/_Builtin_limits-6022PLTYI9CIIB5BZXPL6P6SD.pcm

SwiftExplicitDependencyGeneratePcm arm64 /tmp/pvpn-dd/ModuleCache.noindex/_DarwinFoundation2-D2QJ3FGZ8DK2JQZFHCHCCKJH7.pcm

SwiftExplicitDependencyGeneratePcm arm64 /tmp/pvpn-dd/ModuleCache.noindex/ExtensionFoundation-3Z6KLYM35GSK0Y2DS0GBBU50Z.pcm

SwiftExplicitDependencyGeneratePcm arm64 /tmp/pvpn-dd/ModuleCache.noindex/sys_types-1AY7BJ6FIOTK9FGN69X2TDYQZ.pcm

SwiftExplicitDependencyGeneratePcm arm64 /tmp/pvpn-dd/ModuleCache.noindex/_Builtin_stdint-2TKDICT84G1HG03FCW539H8SJ.pcm

SwiftExplicitDependencyGeneratePcm arm64 /tmp/pvpn-dd/Build/Intermediates.noindex/SwiftExplicitPrecompiledModules/WireGuardKitC-1DYE5LQPL6U9MQBQCUEDJRA3D.pcm

SwiftExplicitDependencyGeneratePcm arm64 /tmp/pvpn-dd/ModuleCache.noindex/_Builtin_stdatomic-44VF1SC1O02XFM2SKPUS26ATT.pcm

SwiftExplicitDependencyGeneratePcm arm64 /tmp/pvpn-dd/ModuleCache.noindex/_DarwinFoundation3-80LD06TWOFC36TWHZ7WJBINND.pcm

SwiftExplicitDependencyGeneratePcm arm64 /tmp/pvpn-dd/Build/Intermediates.noindex/SwiftExplicitPrecompiledModules/WireGuardKitGo-6K2IOJBJSMAZ8XDDVIT2YP1EP.pcm

SwiftExplicitDependencyGeneratePcm arm64 /tmp/pvpn-dd/ModuleCache.noindex/_Builtin_inttypes-590JIU7JOEUZS20CORM90KHD7.pcm

SwiftExplicitDependencyGeneratePcm arm64 /tmp/pvpn-dd/ModuleCache.noindex/Darwin-1FZZT2PN30LIV5HGR78B21WL0.pcm

SwiftExplicitDependencyGeneratePcm arm64 /tmp/pvpn-dd/ModuleCache.noindex/ObjectiveC-CGY02UGDTT32RCUPX4LIAP52Q.pcm

SwiftExplicitDependencyGeneratePcm arm64 /tmp/pvpn-dd/ModuleCache.noindex/MachO-8UNB0LLOLWAWH3HZG3U6HFRQP.pcm

SwiftExplicitDependencyGeneratePcm arm64 /tmp/pvpn-dd/ModuleCache.noindex/os_object-AERL2NF910GA4IP57DR9FM26A.pcm

SwiftExplicitDependencyGeneratePcm arm64 /tmp/pvpn-dd/ModuleCache.noindex/os_workgroup-6SREP7K0CR7JPJXCOG6SEZLAW.pcm

SwiftExplicitDependencyGeneratePcm arm64 /tmp/pvpn-dd/ModuleCache.noindex/Dispatch-7Z5KGO48M0LEYY2BTZ5P6BPEI.pcm

SwiftExplicitDependencyGeneratePcm arm64 /tmp/pvpn-dd/ModuleCache.noindex/dnssd-7R2QASBAB6PYC5QFWUKYW8UFQ.pcm

SwiftExplicitDependencyGeneratePcm arm64 /tmp/pvpn-dd/ModuleCache.noindex/CoreFoundation-5VBY8OSBWBO0G2Y425UBLZ3PF.pcm

SwiftExplicitDependencyGeneratePcm arm64 /tmp/pvpn-dd/ModuleCache.noindex/XPC-DLPG4LP9NS4PW2C3LGE19Q5U0.pcm

SwiftExplicitDependencyGeneratePcm arm64 /tmp/pvpn-dd/ModuleCache.noindex/os-8E3KSGXHY94POTEVTX6ODQUY8.pcm

SwiftExplicitDependencyGeneratePcm arm64 /tmp/pvpn-dd/ModuleCache.noindex/Security-BZYQGHQPZA27R5W7YG4KAW3BP.pcm

SwiftExplicitDependencyGeneratePcm arm64 /tmp/pvpn-dd/ModuleCache.noindex/CFNetwork-73YGKU6ZO3M6GCYASP1CDDZYW.pcm

SwiftExplicitDependencyGeneratePcm arm64 /tmp/pvpn-dd/ModuleCache.noindex/Foundation-C3DR9WU369QBL0F9MQZVHQ17M.pcm

SwiftExplicitDependencyGeneratePcm arm64 /tmp/pvpn-dd/ModuleCache.noindex/OSLog-DRVBIVXD98GQX7KSDYNM1MTP.pcm

SwiftExplicitDependencyGeneratePcm arm64 /tmp/pvpn-dd/ModuleCache.noindex/Network-23YWQPBSSMBMVLVIL765IH6BC.pcm

SwiftExplicitDependencyGeneratePcm arm64 /tmp/pvpn-dd/ModuleCache.noindex/NetworkExtension-8NGYRPQM3TR8BG6YT7S0CNSBV.pcm

SwiftCompile normal arm64 Compiling\ TunnelConfiguration.swift /Volumes/BIWIN/SourcesCode/PrivateVPN/Vendor/WireGuardKit/Sources/WireGuardKit/TunnelConfiguration.swift (in target 'WireGuardKit' from project 'WireGuardKit')

SwiftCompile normal arm64 /Volumes/BIWIN/SourcesCode/PrivateVPN/Vendor/WireGuardKit/Sources/WireGuardKit/TunnelConfiguration.swift (in target 'WireGuardKit' from project 'WireGuardKit')
    cd /Volumes/BIWIN/SourcesCode/PrivateVPN/PrivateVPN.xcodeproj
    

SwiftCompile normal arm64 Compiling\ WireGuardAdapter.swift /Volumes/BIWIN/SourcesCode/PrivateVPN/Vendor/WireGuardKit/Sources/WireGuardKit/WireGuardAdapter.swift (in target 'WireGuardKit' from project 'WireGuardKit')
SwiftCompile normal arm64 /Volumes/BIWIN/SourcesCode/PrivateVPN/Vendor/WireGuardKit/Sources/WireGuardKit/WireGuardAdapter.swift (in target 'WireGuardKit' from project 'WireGuardKit')
    cd /Volumes/BIWIN/SourcesCode/PrivateVPN/PrivateVPN.xcodeproj
    

SwiftCompile normal arm64 Compiling\ Array+ConcurrentMap.swift,\ DNSResolver.swift /Volumes/BIWIN/SourcesCode/PrivateVPN/Vendor/WireGuardKit/Sources/WireGuardKit/Array+ConcurrentMap.swift /Volumes/BIWIN/SourcesCode/PrivateVPN/Vendor/WireGuardKit/Sources/WireGuardKit/DNSResolver.swift (in target 'WireGuardKit' from project 'WireGuardKit')

SwiftCompile normal arm64 /Volumes/BIWIN/SourcesCode/PrivateVPN/Vendor/WireGuardKit/Sources/WireGuardKit/Array+ConcurrentMap.swift (in target 'WireGuardKit' from project 'WireGuardKit')
    cd /Volumes/BIWIN/SourcesCode/PrivateVPN/PrivateVPN.xcodeproj
    

SwiftCompile normal arm64 /Volumes/BIWIN/SourcesCode/PrivateVPN/Vendor/WireGuardKit/Sources/WireGuardKit/DNSResolver.swift (in target 'WireGuardKit' from project 'WireGuardKit')
    cd /Volumes/BIWIN/SourcesCode/PrivateVPN/PrivateVPN.xcodeproj
    

SwiftCompile normal arm64 Compiling\ DNSServer.swift,\ Endpoint.swift /Volumes/BIWIN/SourcesCode/PrivateVPN/Vendor/WireGuardKit/Sources/WireGuardKit/DNSServer.swift /Volumes/BIWIN/SourcesCode/PrivateVPN/Vendor/WireGuardKit/Sources/WireGuardKit/Endpoint.swift (in target 'WireGuardKit' from project 'WireGuardKit')

SwiftCompile normal arm64 /Volumes/BIWIN/SourcesCode/PrivateVPN/Vendor/WireGuardKit/Sources/WireGuardKit/DNSServer.swift (in target 'WireGuardKit' from project 'WireGuardKit')
    cd /Volumes/BIWIN/SourcesCode/PrivateVPN/PrivateVPN.xcodeproj
    

SwiftCompile normal arm64 /Volumes/BIWIN/SourcesCode/PrivateVPN/Vendor/WireGuardKit/Sources/WireGuardKit/Endpoint.swift (in target 'WireGuardKit' from project 'WireGuardKit')
    cd /Volumes/BIWIN/SourcesCode/PrivateVPN/PrivateVPN.xcodeproj
    

SwiftCompile normal arm64 Compiling\ PeerConfiguration.swift /Volumes/BIWIN/SourcesCode/PrivateVPN/Vendor/WireGuardKit/Sources/WireGuardKit/PeerConfiguration.swift (in target 'WireGuardKit' from project 'WireGuardKit')

SwiftCompile normal arm64 /Volumes/BIWIN/SourcesCode/PrivateVPN/Vendor/WireGuardKit/Sources/WireGuardKit/PeerConfiguration.swift (in target 'WireGuardKit' from project 'WireGuardKit')
    cd /Volumes/BIWIN/SourcesCode/PrivateVPN/PrivateVPN.xcodeproj
    

SwiftCompile normal arm64 Compiling\ InterfaceConfiguration.swift,\ PacketTunnelSettingsGenerator.swift /Volumes/BIWIN/SourcesCode/PrivateVPN/Vendor/WireGuardKit/Sources/WireGuardKit/InterfaceConfiguration.swift /Volumes/BIWIN/SourcesCode/PrivateVPN/Vendor/WireGuardKit/Sources/WireGuardKit/PacketTunnelSettingsGenerator.swift (in target 'WireGuardKit' from project 'WireGuardKit')

SwiftCompile normal arm64 /Volumes/BIWIN/SourcesCode/PrivateVPN/Vendor/WireGuardKit/Sources/WireGuardKit/InterfaceConfiguration.swift (in target 'WireGuardKit' from project 'WireGuardKit')
    cd /Volumes/BIWIN/SourcesCode/PrivateVPN/PrivateVPN.xcodeproj
    

SwiftCompile normal arm64 /Volumes/BIWIN/SourcesCode/PrivateVPN/Vendor/WireGuardKit/Sources/WireGuardKit/PacketTunnelSettingsGenerator.swift (in target 'WireGuardKit' from project 'WireGuardKit')
    cd /Volumes/BIWIN/SourcesCode/PrivateVPN/PrivateVPN.xcodeproj
    

SwiftCompile normal arm64 Compiling\ PrivateKey.swift /Volumes/BIWIN/SourcesCode/PrivateVPN/Vendor/WireGuardKit/Sources/WireGuardKit/PrivateKey.swift (in target 'WireGuardKit' from project 'WireGuardKit')

SwiftCompile normal arm64 /Volumes/BIWIN/SourcesCode/PrivateVPN/Vendor/WireGuardKit/Sources/WireGuardKit/PrivateKey.swift (in target 'WireGuardKit' from project 'WireGuardKit')
    cd /Volumes/BIWIN/SourcesCode/PrivateVPN/PrivateVPN.xcodeproj
    

SwiftEmitModule normal arm64 Emitting\ module\ for\ WireGuardKit (in target 'WireGuardKit' from project 'WireGuardKit')

EmitSwiftModule normal arm64 (in target 'WireGuardKit' from project 'WireGuardKit')
    cd /Volumes/BIWIN/SourcesCode/PrivateVPN/PrivateVPN.xcodeproj
    

SwiftCompile normal arm64 Compiling\ IPAddress+AddrInfo.swift,\ IPAddressRange.swift /Volumes/BIWIN/SourcesCode/PrivateVPN/Vendor/WireGuardKit/Sources/WireGuardKit/IPAddress+AddrInfo.swift /Volumes/BIWIN/SourcesCode/PrivateVPN/Vendor/WireGuardKit/Sources/WireGuardKit/IPAddressRange.swift (in target 'WireGuardKit' from project 'WireGuardKit')

SwiftCompile normal arm64 /Volumes/BIWIN/SourcesCode/PrivateVPN/Vendor/WireGuardKit/Sources/WireGuardKit/IPAddress+AddrInfo.swift (in target 'WireGuardKit' from project 'WireGuardKit')
    cd /Volumes/BIWIN/SourcesCode/PrivateVPN/PrivateVPN.xcodeproj
    

SwiftCompile normal arm64 /Volumes/BIWIN/SourcesCode/PrivateVPN/Vendor/WireGuardKit/Sources/WireGuardKit/IPAddressRange.swift (in target 'WireGuardKit' from project 'WireGuardKit')
    cd /Volumes/BIWIN/SourcesCode/PrivateVPN/PrivateVPN.xcodeproj
    

SwiftDriverJobDiscovery normal arm64 Emitting module for WireGuardKit (in target 'WireGuardKit' from project 'WireGuardKit')

SwiftDriverJobDiscovery normal arm64 Compiling TunnelConfiguration.swift (in target 'WireGuardKit' from project 'WireGuardKit')

SwiftDriver\ Compilation\ Requirements WireGuardKit normal arm64 com.apple.xcode.tools.swift.compiler (in target 'WireGuardKit' from project 'WireGuardKit')
    cd /Volumes/BIWIN/SourcesCode/PrivateVPN/PrivateVPN.xcodeproj
    builtin-Swift-Compilation-Requirements -- /Applications/Xcode.app/Contents/Developer/Toolchains/XcodeDefault.xctoolchain/usr/bin/swiftc -module-name WireGuardKit -Onone @/tmp/pvpn-dd/Build/Intermediates.noindex/WireGuardKit.build/Debug-iphoneos/WireGuardKit.build/Objects-normal/arm64/WireGuardKit.SwiftFileList -DSWIFT_PACKAGE -DDEBUG -DSWIFT_MODULE_RESOURCE_BUNDLE_UNAVAILABLE -DXcode -plugin-path /Applications/Xcode.app/Contents/Developer/Toolchains/XcodeDefault.xctoolchain/usr/lib/swift/host/plugins/testing -enable-experimental-feature DebugDescriptionMacro -sdk /Applications/Xcode.app/Contents/Developer/Platforms/iPhoneOS.platform/Developer/SDKs/iPhoneOS26.5.sdk -target arm64-apple-ios12.0 -g -module-cache-path /tmp/pvpn-dd/ModuleCache.noindex -Xfrontend -serialize-debugging-options -enable-testing -index-store-path /tmp/pvpn-dd/Index.noindex/DataStore -Xcc -D_LIBCPP_HARDENING_MODE\=_LIBCPP_HARDENING_MODE_DEBUG -swift-version 5 -I /tmp/pvpn-dd/Build/Products/Debug-iphoneos -Isystem /Applications/Xcode.app/Contents/Developer/Platforms/iPhoneOS.platform/Developer/usr/lib -F /tmp/pvpn-dd/Build/Products/Debug-iphoneos/PackageFrameworks -F /tmp/pvpn-dd/Build/Products/Debug-iphoneos/PackageFrameworks -F /tmp/pvpn-dd/Build/Products/Debug-iphoneos -F /Applications/Xcode.app/Contents/Developer/Platforms/iPhoneOS.platform/Developer/Library/Frameworks -F /Applications/Xcode.app/Contents/Developer/Platforms/iPhoneOS.platform/Developer/SDKs/iPhoneOS26.5.sdk/Developer/Library/Frameworks -c -j8 -enable-batch-mode -incremental -Xcc -ivfsstatcache -Xcc /tmp/pvpn-dd/SDKStatCaches.noindex/iphoneos26.5-23F81a-32daed1954a7d5dd0789fcaf2a9bb78b.sdkstatcache -output-file-map /tmp/pvpn-dd/Build/Intermediates.noindex/WireGuardKit.build/Debug-iphoneos/WireGuardKit.build/Objects-normal/arm64/WireGuardKit-OutputFileMap.json -use-frontend-parseable-output -save-temps -no-color-diagnostics -explicit-module-build -module-cache-path /tmp/pvpn-dd/Build/Intermediates.noindex/SwiftExplicitPrecompiledModules -clang-scanner-module-cache-path /tmp/pvpn-dd/ModuleCache.noindex -sdk-module-cache-path /tmp/pvpn-dd/ModuleCache.noindex -serialize-diagnostics -emit-dependencies -emit-module -emit-module-path /tmp/pvpn-dd/Build/Intermediates.noindex/WireGuardKit.build/Debug-iphoneos/WireGuardKit.build/Objects-normal/arm64/WireGuardKit.swiftmodule -validate-clang-modules-once -clang-build-session-file /tmp/pvpn-dd/ModuleCache.noindex/Session.modulevalidation -Xcc -I/tmp/pvpn-dd/Build/Intermediates.noindex/WireGuardKit.build/Debug-iphoneos/WireGuardKit.build/swift-overrides.hmap -emit-const-values -Xfrontend -const-gather-protocols-file -Xfrontend /tmp/pvpn-dd/Build/Intermediates.noindex/WireGuardKit.build/Debug-iphoneos/WireGuardKit.build/Objects-normal/arm64/WireGuardKit_const_extract_protocols.json -Xcc -I/Volumes/BIWIN/SourcesCode/PrivateVPN/Vendor/WireGuardKit/Sources/WireGuardKitC -Xcc -I/Volumes/BIWIN/SourcesCode/PrivateVPN/Vendor/WireGuardKit/Sources/WireGuardKitGo -Xcc -I/tmp/pvpn-dd/Build/Products/Debug-iphoneos/include -Xcc -I/tmp/pvpn-dd/Build/Intermediates.noindex/WireGuardKit.build/Debug-iphoneos/WireGuardKit.build/DerivedSources-normal/arm64 -Xcc -I/tmp/pvpn-dd/Build/Intermediates.noindex/WireGuardKit.build/Debug-iphoneos/WireGuardKit.build/DerivedSources/arm64 -Xcc -I/tmp/pvpn-dd/Build/Intermediates.noindex/WireGuardKit.build/Debug-iphoneos/WireGuardKit.build/DerivedSources -Xcc -DSWIFT_PACKAGE -Xcc -DDEBUG\=1 -emit-objc-header -emit-objc-header-path /tmp/pvpn-dd/Build/Intermediates.noindex/WireGuardKit.build/Debug-iphoneos/WireGuardKit.build/Objects-normal/arm64/WireGuardKit-Swift.h -working-directory /Volumes/BIWIN/SourcesCode/PrivateVPN/PrivateVPN.xcodeproj -experimental-emit-module-separately -disable-cmo

SwiftMergeGeneratedHeaders /tmp/pvpn-dd/Build/Intermediates.noindex/GeneratedModuleMaps-iphoneos/WireGuardKit-Swift.h /tmp/pvpn-dd/Build/Intermediates.noindex/WireGuardKit.build/Debug-iphoneos/WireGuardKit.build/Objects-normal/arm64/WireGuardKit-Swift.h (in target 'WireGuardKit' from project 'WireGuardKit')
    cd /Volumes/BIWIN/SourcesCode/PrivateVPN/Vendor/WireGuardKit
    builtin-swiftHeaderTool -arch arm64 /tmp/pvpn-dd/Build/Intermediates.noindex/WireGuardKit.build/Debug-iphoneos/WireGuardKit.build/Objects-normal/arm64/WireGuardKit-Swift.h -o /tmp/pvpn-dd/Build/Intermediates.noindex/GeneratedModuleMaps-iphoneos/WireGuardKit-Swift.h

Copy /tmp/pvpn-dd/Build/Products/Debug-iphoneos/WireGuardKit.swiftmodule/arm64-apple-ios.swiftmodule /tmp/pvpn-dd/Build/Intermediates.noindex/WireGuardKit.build/Debug-iphoneos/WireGuardKit.build/Objects-normal/arm64/WireGuardKit.swiftmodule (in target 'WireGuardKit' from project 'WireGuardKit')
    cd /Volumes/BIWIN/SourcesCode/PrivateVPN/Vendor/WireGuardKit
    builtin-copy -exclude .DS_Store -exclude CVS -exclude .svn -exclude .git -exclude .hg -resolve-src-symlinks -rename /tmp/pvpn-dd/Build/Intermediates.noindex/WireGuardKit.build/Debug-iphoneos/WireGuardKit.build/Objects-normal/arm64/WireGuardKit.swiftmodule /tmp/pvpn-dd/Build/Products/Debug-iphoneos/WireGuardKit.swiftmodule/arm64-apple-ios.swiftmodule

Copy /tmp/pvpn-dd/Build/Products/Debug-iphoneos/WireGuardKit.swiftmodule/arm64-apple-ios.swiftdoc /tmp/pvpn-dd/Build/Intermediates.noindex/WireGuardKit.build/Debug-iphoneos/WireGuardKit.build/Objects-normal/arm64/WireGuardKit.swiftdoc (in target 'WireGuardKit' from project 'WireGuardKit')
    cd /Volumes/BIWIN/SourcesCode/PrivateVPN/Vendor/WireGuardKit
    builtin-copy -exclude .DS_Store -exclude CVS -exclude .svn -exclude .git -exclude .hg -resolve-src-symlinks -rename /tmp/pvpn-dd/Build/Intermediates.noindex/WireGuardKit.build/Debug-iphoneos/WireGuardKit.build/Objects-normal/arm64/WireGuardKit.swiftdoc /tmp/pvpn-dd/Build/Products/Debug-iphoneos/WireGuardKit.swiftmodule/arm64-apple-ios.swiftdoc

Copy /tmp/pvpn-dd/Build/Products/Debug-iphoneos/WireGuardKit.swiftmodule/arm64-apple-ios.abi.json /tmp/pvpn-dd/Build/Intermediates.noindex/WireGuardKit.build/Debug-iphoneos/WireGuardKit.build/Objects-normal/arm64/WireGuardKit.abi.json (in target 'WireGuardKit' from project 'WireGuardKit')
    cd /Volumes/BIWIN/SourcesCode/PrivateVPN/Vendor/WireGuardKit
    builtin-copy -exclude .DS_Store -exclude CVS -exclude .svn -exclude .git -exclude .hg -resolve-src-symlinks -rename /tmp/pvpn-dd/Build/Intermediates.noindex/WireGuardKit.build/Debug-iphoneos/WireGuardKit.build/Objects-normal/arm64/WireGuardKit.abi.json /tmp/pvpn-dd/Build/Products/Debug-iphoneos/WireGuardKit.swiftmodule/arm64-apple-ios.abi.json

Copy /tmp/pvpn-dd/Build/Products/Debug-iphoneos/WireGuardKit.swiftmodule/Project/arm64-apple-ios.swiftsourceinfo /tmp/pvpn-dd/Build/Intermediates.noindex/WireGuardKit.build/Debug-iphoneos/WireGuardKit.build/Objects-normal/arm64/WireGuardKit.swiftsourceinfo (in target 'WireGuardKit' from project 'WireGuardKit')
    cd /Volumes/BIWIN/SourcesCode/PrivateVPN/Vendor/WireGuardKit
    builtin-copy -exclude .DS_Store -exclude CVS -exclude .svn -exclude .git -exclude .hg -resolve-src-symlinks -rename /tmp/pvpn-dd/Build/Intermediates.noindex/WireGuardKit.build/Debug-iphoneos/WireGuardKit.build/Objects-normal/arm64/WireGuardKit.swiftsourceinfo /tmp/pvpn-dd/Build/Products/Debug-iphoneos/WireGuardKit.swiftmodule/Project/arm64-apple-ios.swiftsourceinfo

SwiftDriverJobDiscovery normal arm64 Compiling PeerConfiguration.swift (in target 'WireGuardKit' from project 'WireGuardKit')

SwiftDriverJobDiscovery normal arm64 Compiling IPAddress+AddrInfo.swift, IPAddressRange.swift (in target 'WireGuardKit' from project 'WireGuardKit')

SwiftDriverJobDiscovery normal arm64 Compiling PrivateKey.swift (in target 'WireGuardKit' from project 'WireGuardKit')

SwiftDriverJobDiscovery normal arm64 Compiling Array+ConcurrentMap.swift, DNSResolver.swift (in target 'WireGuardKit' from project 'WireGuardKit')

SwiftDriverJobDiscovery normal arm64 Compiling DNSServer.swift, Endpoint.swift (in target 'WireGuardKit' from project 'WireGuardKit')

SwiftDriverJobDiscovery normal arm64 Compiling InterfaceConfiguration.swift, PacketTunnelSettingsGenerator.swift (in target 'WireGuardKit' from project 'WireGuardKit')

SwiftDriverJobDiscovery normal arm64 Compiling WireGuardAdapter.swift (in target 'WireGuardKit' from project 'WireGuardKit')

SwiftDriver\ Compilation WireGuardKit normal arm64 com.apple.xcode.tools.swift.compiler (in target 'WireGuardKit' from project 'WireGuardKit')
    cd /Volumes/BIWIN/SourcesCode/PrivateVPN/PrivateVPN.xcodeproj
    builtin-Swift-Compilation -- /Applications/Xcode.app/Contents/Developer/Toolchains/XcodeDefault.xctoolchain/usr/bin/swiftc -module-name WireGuardKit -Onone @/tmp/pvpn-dd/Build/Intermediates.noindex/WireGuardKit.build/Debug-iphoneos/WireGuardKit.build/Objects-normal/arm64/WireGuardKit.SwiftFileList -DSWIFT_PACKAGE -DDEBUG -DSWIFT_MODULE_RESOURCE_BUNDLE_UNAVAILABLE -DXcode -plugin-path /Applications/Xcode.app/Contents/Developer/Toolchains/XcodeDefault.xctoolchain/usr/lib/swift/host/plugins/testing -enable-experimental-feature DebugDescriptionMacro -sdk /Applications/Xcode.app/Contents/Developer/Platforms/iPhoneOS.platform/Developer/SDKs/iPhoneOS26.5.sdk -target arm64-apple-ios12.0 -g -module-cache-path /tmp/pvpn-dd/ModuleCache.noindex -Xfrontend -serialize-debugging-options -enable-testing -index-store-path /tmp/pvpn-dd/Index.noindex/DataStore -Xcc -D_LIBCPP_HARDENING_MODE\=_LIBCPP_HARDENING_MODE_DEBUG -swift-version 5 -I /tmp/pvpn-dd/Build/Products/Debug-iphoneos -Isystem /Applications/Xcode.app/Contents/Developer/Platforms/iPhoneOS.platform/Developer/usr/lib -F /tmp/pvpn-dd/Build/Products/Debug-iphoneos/PackageFrameworks -F /tmp/pvpn-dd/Build/Products/Debug-iphoneos/PackageFrameworks -F /tmp/pvpn-dd/Build/Products/Debug-iphoneos -F /Applications/Xcode.app/Contents/Developer/Platforms/iPhoneOS.platform/Developer/Library/Frameworks -F /Applications/Xcode.app/Contents/Developer/Platforms/iPhoneOS.platform/Developer/SDKs/iPhoneOS26.5.sdk/Developer/Library/Frameworks -c -j8 -enable-batch-mode -incremental -Xcc -ivfsstatcache -Xcc /tmp/pvpn-dd/SDKStatCaches.noindex/iphoneos26.5-23F81a-32daed1954a7d5dd0789fcaf2a9bb78b.sdkstatcache -output-file-map /tmp/pvpn-dd/Build/Intermediates.noindex/WireGuardKit.build/Debug-iphoneos/WireGuardKit.build/Objects-normal/arm64/WireGuardKit-OutputFileMap.json -use-frontend-parseable-output -save-temps -no-color-diagnostics -explicit-module-build -module-cache-path /tmp/pvpn-dd/Build/Intermediates.noindex/SwiftExplicitPrecompiledModules -clang-scanner-module-cache-path /tmp/pvpn-dd/ModuleCache.noindex -sdk-module-cache-path /tmp/pvpn-dd/ModuleCache.noindex -serialize-diagnostics -emit-dependencies -emit-module -emit-module-path /tmp/pvpn-dd/Build/Intermediates.noindex/WireGuardKit.build/Debug-iphoneos/WireGuardKit.build/Objects-normal/arm64/WireGuardKit.swiftmodule -validate-clang-modules-once -clang-build-session-file /tmp/pvpn-dd/ModuleCache.noindex/Session.modulevalidation -Xcc -I/tmp/pvpn-dd/Build/Intermediates.noindex/WireGuardKit.build/Debug-iphoneos/WireGuardKit.build/swift-overrides.hmap -emit-const-values -Xfrontend -const-gather-protocols-file -Xfrontend /tmp/pvpn-dd/Build/Intermediates.noindex/WireGuardKit.build/Debug-iphoneos/WireGuardKit.build/Objects-normal/arm64/WireGuardKit_const_extract_protocols.json -Xcc -I/Volumes/BIWIN/SourcesCode/PrivateVPN/Vendor/WireGuardKit/Sources/WireGuardKitC -Xcc -I/Volumes/BIWIN/SourcesCode/PrivateVPN/Vendor/WireGuardKit/Sources/WireGuardKitGo -Xcc -I/tmp/pvpn-dd/Build/Products/Debug-iphoneos/include -Xcc -I/tmp/pvpn-dd/Build/Intermediates.noindex/WireGuardKit.build/Debug-iphoneos/WireGuardKit.build/DerivedSources-normal/arm64 -Xcc -I/tmp/pvpn-dd/Build/Intermediates.noindex/WireGuardKit.build/Debug-iphoneos/WireGuardKit.build/DerivedSources/arm64 -Xcc -I/tmp/pvpn-dd/Build/Intermediates.noindex/WireGuardKit.build/Debug-iphoneos/WireGuardKit.build/DerivedSources -Xcc -DSWIFT_PACKAGE -Xcc -DDEBUG\=1 -emit-objc-header -emit-objc-header-path /tmp/pvpn-dd/Build/Intermediates.noindex/WireGuardKit.build/Debug-iphoneos/WireGuardKit.build/Objects-normal/arm64/WireGuardKit-Swift.h -working-directory /Volumes/BIWIN/SourcesCode/PrivateVPN/PrivateVPN.xcodeproj -experimental-emit-module-separately -disable-cmo

Ld /tmp/pvpn-dd/Build/Products/Debug-iphoneos/WireGuardKit.o normal (in target 'WireGuardKit' from project 'WireGuardKit')
    cd /Volumes/BIWIN/SourcesCode/PrivateVPN/Vendor/WireGuardKit
    /Applications/Xcode.app/Contents/Developer/Toolchains/XcodeDefault.xctoolchain/usr/bin/clang -Xlinker -reproducible -target arm64-apple-ios12.0 -r -isysroot /Applications/Xcode.app/Contents/Developer/Platforms/iPhoneOS.platform/Developer/SDKs/iPhoneOS26.5.sdk -O0 -F/tmp/pvpn-dd/Build/Intermediates.noindex/EagerLinkingTBDs/Debug-iphoneos -F/tmp/pvpn-dd/Build/Products/Debug-iphoneos/PackageFrameworks -F/tmp/pvpn-dd/Build/Products/Debug-iphoneos/PackageFrameworks -F/tmp/pvpn-dd/Build/Products/Debug-iphoneos -iframework /Applications/Xcode.app/Contents/Developer/Platforms/iPhoneOS.platform/Developer/Library/Frameworks -iframework /Applications/Xcode.app/Contents/Developer/Platforms/iPhoneOS.platform/Developer/SDKs/iPhoneOS26.5.sdk/Developer/Library/Frameworks -filelist /tmp/pvpn-dd/Build/Intermediates.noindex/WireGuardKit.build/Debug-iphoneos/WireGuardKit.build/Objects-normal/arm64/WireGuardKit.LinkFileList -nostdlib -Xlinker -object_path_lto -Xlinker /tmp/pvpn-dd/Build/Intermediates.noindex/WireGuardKit.build/Debug-iphoneos/WireGuardKit.build/Objects-normal/arm64/WireGuardKit_lto.o -Xlinker -no_deduplicate -Xlinker -dependency_info -Xlinker /tmp/pvpn-dd/Build/Intermediates.noindex/WireGuardKit.build/Debug-iphoneos/WireGuardKit.build/Objects-normal/arm64/WireGuardKit_dependency_info.dat -fobjc-link-runtime -L/Applications/Xcode.app/Contents/Developer/Toolchains/XcodeDefault.xctoolchain/usr/lib/swift/iphoneos -L/usr/lib/swift -Xlinker -add_ast_path -Xlinker /tmp/pvpn-dd/Build/Intermediates.noindex/WireGuardKit.build/Debug-iphoneos/WireGuardKit.build/Objects-normal/arm64/WireGuardKit.swiftmodule @/tmp/pvpn-dd/Build/Intermediates.noindex/WireGuardKit.build/Debug-iphoneos/WireGuardKit.build/Objects-normal/arm64/WireGuardKit-linker-args.resp -o /tmp/pvpn-dd/Build/Products/Debug-iphoneos/WireGuardKit.o

ExtractAppIntentsMetadata (in target 'WireGuardKit' from project 'WireGuardKit')
    cd /Volumes/BIWIN/SourcesCode/PrivateVPN/Vendor/WireGuardKit
    /Applications/Xcode.app/Contents/Developer/Toolchains/XcodeDefault.xctoolchain/usr/bin/appintentsmetadataprocessor --toolchain-dir /Applications/Xcode.app/Contents/Developer/Toolchains/XcodeDefault.xctoolchain --module-name WireGuardKit --sdk-root /Applications/Xcode.app/Contents/Developer/Platforms/iPhoneOS.platform/Developer/SDKs/iPhoneOS26.5.sdk --xcode-version 17F113 --platform-family iOS --deployment-target 12.0 --bundle-identifier wireguardkit.WireGuardKit --output /tmp/pvpn-dd/Build/Products/Debug-iphoneos/WireGuardKit.appintents --target-triple arm64-apple-ios12.0 --binary-file /tmp/pvpn-dd/Build/Products/Debug-iphoneos/WireGuardKit.o --dependency-file /tmp/pvpn-dd/Build/Intermediates.noindex/WireGuardKit.build/Debug-iphoneos/WireGuardKit.build/Objects-normal/arm64/WireGuardKit_dependency_info.dat --stringsdata-file /tmp/pvpn-dd/Build/Intermediates.noindex/WireGuardKit.build/Debug-iphoneos/WireGuardKit.build/Objects-normal/arm64/ExtractedAppShortcutsMetadata.stringsdata --source-file-list /tmp/pvpn-dd/Build/Intermediates.noindex/WireGuardKit.build/Debug-iphoneos/WireGuardKit.build/Objects-normal/arm64/WireGuardKit.SwiftFileList --metadata-file-list /tmp/pvpn-dd/Build/Intermediates.noindex/WireGuardKit.build/Debug-iphoneos/WireGuardKit.build/WireGuardKit.DependencyMetadataFileList --static-metadata-file-list /tmp/pvpn-dd/Build/Intermediates.noindex/WireGuardKit.build/Debug-iphoneos/WireGuardKit.build/WireGuardKit.DependencyStaticMetadataFileList --swift-const-vals-list /tmp/pvpn-dd/Build/Intermediates.noindex/WireGuardKit.build/Debug-iphoneos/WireGuardKit.build/Objects-normal/arm64/WireGuardKit.SwiftConstValuesFileList --force --compile-time-extraction --deployment-aware-processing --validate-assistant-intents --no-app-shortcuts-localization
2026-08-19 20:02:01.656 appintentsmetadataprocessor[35639:321405] Starting appintentsmetadataprocessor export
2026-08-19 20:02:01.749 appintentsmetadataprocessor[35639:321405] Extracted no relevant App Intents symbols, skipping writing output

RegisterExecutionPolicyException /tmp/pvpn-dd/Build/Products/Debug-iphoneos/WireGuardKit.o (in target 'WireGuardKit' from project 'WireGuardKit')
    cd /Volumes/BIWIN/SourcesCode/PrivateVPN/Vendor/WireGuardKit
    builtin-RegisterExecutionPolicyException /tmp/pvpn-dd/Build/Products/Debug-iphoneos/WireGuardKit.o

PhaseScriptExecution Build\ wireguard-go /tmp/pvpn-dd/Build/Intermediates.noindex/PrivateVPN.build/Debug-iphoneos/PrivateVPNPacketTunnel.build/Script-59C7A24ADAF260EC60051138.sh (in target 'PrivateVPNPacketTunnel' from project 'PrivateVPN')
    cd /Volumes/BIWIN/SourcesCode/PrivateVPN
    export ACTION\=build
    export AD_HOC_CODE_SIGNING_ALLOWED\=NO
    export ALLOW_BUILD_REQUEST_OVERRIDES\=NO
    export ALLOW_TARGET_PLATFORM_SPECIALIZATION\=NO
    export ALTERNATE_GROUP\=staff
    export ALTERNATE_MODE\=u+w,go-w,a+rX
    export ALTERNATE_OWNER\=minhnguyen
    export ALTERNATIVE_DISTRIBUTION_WEB\=NO
    export ALWAYS_EMBED_SWIFT_STANDARD_LIBRARIES\=NO
    export ALWAYS_SEARCH_USER_PATHS\=NO
    export ALWAYS_USE_SEPARATE_HEADERMAPS\=NO
    export APPLICATION_EXTENSION_API_ONLY\=YES
    export APPLY_RULES_IN_COPY_FILES\=NO
    export APPLY_RULES_IN_COPY_HEADERS\=NO
    export APP_SHORTCUTS_ENABLE_FLEXIBLE_MATCHING\=YES
    export ARCHS\=arm64
    export ARCHS_BASE\=arm64
    export ARCHS_STANDARD\=arm64
    export ARCHS_STANDARD_32_64_BIT\=armv7\ arm64
    export ARCHS_STANDARD_32_BIT\=armv7
    export ARCHS_STANDARD_64_BIT\=arm64
    export ARCHS_STANDARD_INCLUDING_64_BIT\=arm64
    export ARCHS_UNIVERSAL_IPHONE_OS\=armv7\ arm64
    export ASSETCATALOG_COMPILER_STANDALONE_ICON_BEHAVIOR\=all
    export AUTOMATICALLY_MERGE_DEPENDENCIES\=NO
    export AUTOMATION_APPLE_EVENTS\=NO
    export AVAILABLE_PLATFORMS\=android\ appletvos\ appletvsimulator\ driverkit\ freebsd\ iphoneos\ iphonesimulator\ linux\ macosx\ none\ openbsd\ qnx\ watchos\ watchsimulator\ webassembly\ xros\ xrsimulator
    export BUILD_ACTIVE_RESOURCES_ONLY\=NO
    export BUILD_COMPONENTS\=headers\ build
    export BUILD_DIR\=/tmp/pvpn-dd/Build/Products
    export BUILD_LIBRARY_FOR_DISTRIBUTION\=NO
    export BUILD_ONLY_KNOWN_LOCALIZATIONS\=NO
    export BUILD_ROOT\=/tmp/pvpn-dd/Build/Products
    export BUILD_STYLE\=
    export BUILD_VARIANTS\=normal
    export BUILT_PRODUCTS_DIR\=/tmp/pvpn-dd/Build/Products/Debug-iphoneos
    export BUNDLE_CONTENTS_FOLDER_PATH_deep\=Contents/
    export BUNDLE_EXECUTABLE_FOLDER_NAME_deep\=MacOS
    export BUNDLE_EXTENSIONS_FOLDER_PATH\=Extensions
    export BUNDLE_FORMAT\=shallow
    export BUNDLE_FRAMEWORKS_FOLDER_PATH\=Frameworks
    export BUNDLE_PLUGINS_FOLDER_PATH\=PlugIns
    export BUNDLE_PRIVATE_HEADERS_FOLDER_PATH\=PrivateHeaders
    export BUNDLE_PUBLIC_HEADERS_FOLDER_PATH\=Headers
    export CACHE_ROOT\=/var/folders/p4/s2ssgbyx0_3gm841rc201y3c0000gn/C/com.apple.DeveloperTools/26.6-17F113/Xcode
    export CCHROOT\=/var/folders/p4/s2ssgbyx0_3gm841rc201y3c0000gn/C/com.apple.DeveloperTools/26.6-17F113/Xcode
    export CHMOD\=/bin/chmod
    export CHOWN\=chown
    export CLANG_ANALYZER_NONNULL\=YES
    export CLANG_ANALYZER_NUMBER_OBJECT_CONVERSION\=YES_AGGRESSIVE
    export CLANG_CACHE_FINE_GRAINED_OUTPUTS\=YES
    export CLANG_CXX_LANGUAGE_STANDARD\=gnu++14
    export CLANG_CXX_LIBRARY\=libc++
    export CLANG_ENABLE_EXPLICIT_MODULES\=YES
    export CLANG_ENABLE_MODULES\=YES
    export CLANG_ENABLE_OBJC_ARC\=YES
    export CLANG_ENABLE_OBJC_WEAK\=YES
    export CLANG_MODULES_BUILD_SESSION_FILE\=/tmp/pvpn-dd/ModuleCache.noindex/Session.modulevalidation
    export CLANG_WARN_BLOCK_CAPTURE_AUTORELEASING\=YES
    export CLANG_WARN_BOOL_CONVERSION\=YES
    export CLANG_WARN_COMMA\=YES
    export CLANG_WARN_CONSTANT_CONVERSION\=YES
    export CLANG_WARN_DEPRECATED_OBJC_IMPLEMENTATIONS\=YES
    export CLANG_WARN_DIRECT_OBJC_ISA_USAGE\=YES_ERROR
    export CLANG_WARN_DOCUMENTATION_COMMENTS\=YES
    export CLANG_WARN_EMPTY_BODY\=YES
    export CLANG_WARN_ENUM_CONVERSION\=YES
    export CLANG_WARN_INFINITE_RECURSION\=YES
    export CLANG_WARN_INT_CONVERSION\=YES
    export CLANG_WARN_NON_LITERAL_NULL_CONVERSION\=YES
    export CLANG_WARN_OBJC_IMPLICIT_RETAIN_SELF\=YES
    export CLANG_WARN_OBJC_LITERAL_CONVERSION\=YES
    export CLANG_WARN_OBJC_ROOT_CLASS\=YES_ERROR
    export CLANG_WARN_QUOTED_INCLUDE_IN_FRAMEWORK_HEADER\=YES
    export CLANG_WARN_RANGE_LOOP_ANALYSIS\=YES
    export CLANG_WARN_STRICT_PROTOTYPES\=YES
    export CLANG_WARN_SUSPICIOUS_MOVE\=YES
    export CLANG_WARN_UNGUARDED_AVAILABILITY\=YES_AGGRESSIVE
    export CLANG_WARN_UNREACHABLE_CODE\=YES
    export CLANG_WARN__DUPLICATE_METHOD_MATCH\=YES
    export CLASS_FILE_DIR\=/tmp/pvpn-dd/Build/Intermediates.noindex/PrivateVPN.build/Debug-iphoneos/PrivateVPNPacketTunnel.build/JavaClasses
    export CLEAN_PRECOMPS\=YES
    export CLONE_HEADERS\=NO
    export CODESIGNING_FOLDER_PATH\=/tmp/pvpn-dd/Build/Products/Debug-iphoneos/PrivateVPNPacketTunnel.appex
    export CODE_SIGNING_ALLOWED\=NO
    export CODE_SIGNING_REQUIRED\=YES
    export CODE_SIGN_CONTEXT_CLASS\=XCiPhoneOSCodeSignContext
    export CODE_SIGN_ENTITLEMENTS\=iOS/PrivateVPNPacketTunnel/PacketTunnel.entitlements
    export CODE_SIGN_IDENTITY\=Apple\ Development
    export CODE_SIGN_INJECT_BASE_ENTITLEMENTS\=YES
    export CODE_SIGN_STYLE\=Automatic
    export COLOR_DIAGNOSTICS\=NO
    export COMBINE_HIDPI_IMAGES\=NO
    export COMPILATION_CACHE_CAS_PATH\=/Volumes/BIWIN/AppBuild/CompilationCache.noindex/CompilationCache.noindex/CompilationCache.noindex/CompilationCache.noindex/CompilationCache.noindex
    export COMPILATION_CACHE_KEEP_CAS_DIRECTORY\=YES
    export COMPILER_INDEX_STORE_ENABLE\=Default
    export COMPOSITE_SDK_DIRS\=/tmp/pvpn-dd/Build/Intermediates.noindex/CompositeSDKs
    export COMPRESS_PNG_FILES\=YES
    export CONFIGURATION\=Debug
    export CONFIGURATION_BUILD_DIR\=/tmp/pvpn-dd/Build/Products/Debug-iphoneos
    export CONFIGURATION_TEMP_DIR\=/tmp/pvpn-dd/Build/Intermediates.noindex/PrivateVPN.build/Debug-iphoneos
    export CONTENTS_FOLDER_PATH\=PrivateVPNPacketTunnel.appex
    export CONTENTS_FOLDER_PATH_SHALLOW_BUNDLE_NO\=PrivateVPNPacketTunnel.appex/Contents
    export CONTENTS_FOLDER_PATH_SHALLOW_BUNDLE_YES\=PrivateVPNPacketTunnel.appex
    export COPYING_PRESERVES_HFS_DATA\=NO
    export COPY_HEADERS_RUN_UNIFDEF\=NO
    export COPY_PHASE_STRIP\=NO
    export CORRESPONDING_SIMULATOR_PLATFORM_DIR\=/Applications/Xcode.app/Contents/Developer/Platforms/iPhoneSimulator.platform
    export CORRESPONDING_SIMULATOR_PLATFORM_NAME\=iphonesimulator
    export CORRESPONDING_SIMULATOR_SDK_DIR\=/Applications/Xcode.app/Contents/Developer/Platforms/iPhoneSimulator.platform/Developer/SDKs/iPhoneSimulator26.5.sdk
    export CORRESPONDING_SIMULATOR_SDK_NAME\=iphonesimulator26.5
    export CP\=/bin/cp
    export CREATE_INFOPLIST_SECTION_IN_BINARY\=NO
    export CURRENT_ARCH\=undefined_arch
    export CURRENT_VARIANT\=normal
    export DEAD_CODE_STRIPPING\=YES
    export DEBUGGING_SYMBOLS\=YES
    export DEBUG_INFORMATION_FORMAT\=dwarf
    export DEBUG_INFORMATION_VERSION\=compiler-default
    export DEFAULT_COMPILER\=com.apple.compilers.llvm.clang.1_0
    export DEFAULT_DEXT_INSTALL_PATH\=/System/Library/DriverExtensions
    export DEFAULT_KEXT_INSTALL_PATH\=/System/Library/Extensions
    export DEFINES_MODULE\=NO
    export DEPLOYMENT_LOCATION\=NO
    export DEPLOYMENT_POSTPROCESSING\=NO
    export DEPLOYMENT_TARGET_SETTING_NAME\=IPHONEOS_DEPLOYMENT_TARGET
    export DEPLOYMENT_TARGET_SUGGESTED_VALUES\=12.0\ 12.1\ 12.2\ 12.3\ 12.4\ 13.0\ 13.1\ 13.2\ 13.3\ 13.4\ 13.5\ 13.6\ 14.0\ 14.1\ 14.2\ 14.3\ 14.4\ 14.5\ 14.6\ 14.7\ 15.0\ 15.1\ 15.2\ 15.3\ 15.4\ 15.5\ 15.6\ 16.0\ 16.1\ 16.2\ 16.3\ 16.4\ 16.5\ 16.6\ 17.0\ 17.1\ 17.2\ 17.3\ 17.4\ 17.5\ 17.6\ 18.0\ 18.1\ 18.2\ 18.3\ 18.4\ 18.5\ 18.6\ 26.0\ 26.2\ 26.3\ 26.4\ 26.5
    export DERIVED_FILES_DIR\=/tmp/pvpn-dd/Build/Intermediates.noindex/PrivateVPN.build/Debug-iphoneos/PrivateVPNPacketTunnel.build/DerivedSources
    export DERIVED_FILE_DIR\=/tmp/pvpn-dd/Build/Intermediates.noindex/PrivateVPN.build/Debug-iphoneos/PrivateVPNPacketTunnel.build/DerivedSources
    export DERIVED_SOURCES_DIR\=/tmp/pvpn-dd/Build/Intermediates.noindex/PrivateVPN.build/Debug-iphoneos/PrivateVPNPacketTunnel.build/DerivedSources
    export DERIVE_MACCATALYST_PRODUCT_BUNDLE_IDENTIFIER\=NO
    export DEVELOPER_APPLICATIONS_DIR\=/Applications/Xcode.app/Contents/Developer/Applications
    export DEVELOPER_BIN_DIR\=/Applications/Xcode.app/Contents/Developer/usr/bin
    export DEVELOPER_DIR\=/Applications/Xcode.app/Contents/Developer
    export DEVELOPER_FRAMEWORKS_DIR\=/Applications/Xcode.app/Contents/Developer/Library/Frameworks
    export DEVELOPER_FRAMEWORKS_DIR_QUOTED\=/Applications/Xcode.app/Contents/Developer/Library/Frameworks
    export DEVELOPER_LIBRARY_DIR\=/Applications/Xcode.app/Contents/Developer/Library
    export DEVELOPER_SDK_DIR\=/Applications/Xcode.app/Contents/Developer/Platforms/MacOSX.platform/Developer/SDKs
    export DEVELOPER_TOOLS_DIR\=/Applications/Xcode.app/Contents/Developer/Tools
    export DEVELOPER_USR_DIR\=/Applications/Xcode.app/Contents/Developer/usr
    export DEVELOPMENT_LANGUAGE\=en
    export DEVELOPMENT_TEAM\=G6XW3RN6LJ
    export DIAGNOSE_MISSING_TARGET_DEPENDENCIES\=YES
    export DIFF\=/usr/bin/diff
    export DOCUMENTATION_FOLDER_PATH\=PrivateVPNPacketTunnel.appex/en.lproj/Documentation
    export DONT_GENERATE_INFOPLIST_FILE\=NO
    export DSTROOT\=/tmp/PrivateVPN.dst
    export DT_TOOLCHAIN_DIR\=/Applications/Xcode.app/Contents/Developer/Toolchains/XcodeDefault.xctoolchain
    export DUMP_DEPENDENCIES\=NO
    export DUMP_DEPENDENCIES_OUTPUT_PATH\=/tmp/pvpn-dd/Build/Intermediates.noindex/PrivateVPN.build/Debug-iphoneos/PrivateVPNPacketTunnel.build/PrivateVPNPacketTunnel-BuildDependencyInfo.json
    export DWARF_DSYM_FILE_NAME\=PrivateVPNPacketTunnel.appex.dSYM
    export DWARF_DSYM_FILE_SHOULD_ACCOMPANY_PRODUCT\=NO
    export DWARF_DSYM_FOLDER_PATH\=/tmp/pvpn-dd/Build/Products/Debug-iphoneos
    export DYNAMIC_LIBRARY_EXTENSION\=dylib
    export EAGER_COMPILATION_ALLOW_SCRIPTS\=NO
    export EAGER_LINKING\=NO
    export EFFECTIVE_PLATFORM_NAME\=-iphoneos
    export EFFECTIVE_SWIFT_VERSION\=6
    export EMBEDDED_CONTENT_CONTAINS_SWIFT\=NO
    export EMBEDDED_PROFILE_NAME\=embedded.mobileprovision
    export EMBED_ASSET_PACKS_IN_PRODUCT_BUNDLE\=NO
    export ENABLE_APP_SANDBOX\=NO
    export ENABLE_CODE_COVERAGE\=YES
    export ENABLE_COHORT_ARCHS\=NO
    export ENABLE_CPLUSPLUS_BOUNDS_SAFE_BUFFERS\=NO
    export ENABLE_C_BOUNDS_SAFETY\=NO
    export ENABLE_DEBUG_DYLIB\=YES
    export ENABLE_DEFAULT_HEADER_SEARCH_PATHS\=YES
    export ENABLE_DEFAULT_SEARCH_PATHS\=YES
    export ENABLE_ENHANCED_SECURITY\=NO
    export ENABLE_HARDENED_RUNTIME\=NO
    export ENABLE_HEADER_DEPENDENCIES\=YES
    export ENABLE_INCOMING_NETWORK_CONNECTIONS\=NO
    export ENABLE_ON_DEMAND_RESOURCES\=NO
    export ENABLE_OUTGOING_NETWORK_CONNECTIONS\=NO
    export ENABLE_POINTER_AUTHENTICATION\=NO
    export ENABLE_PREVIEWS\=NO
    export ENABLE_RESOURCE_ACCESS_AUDIO_INPUT\=NO
    export ENABLE_RESOURCE_ACCESS_BLUETOOTH\=NO
    export ENABLE_RESOURCE_ACCESS_CALENDARS\=NO
    export ENABLE_RESOURCE_ACCESS_CAMERA\=NO
    export ENABLE_RESOURCE_ACCESS_CONTACTS\=NO
    export ENABLE_RESOURCE_ACCESS_LOCATION\=NO
    export ENABLE_RESOURCE_ACCESS_PHOTO_LIBRARY\=NO
    export ENABLE_RESOURCE_ACCESS_PRINTING\=NO
    export ENABLE_RESOURCE_ACCESS_USB\=NO
    export ENABLE_SDK_IMPORTS\=NO
    export ENABLE_SECURITY_COMPILER_WARNINGS\=NO
    export ENABLE_STRICT_OBJC_MSGSEND\=YES
    export ENABLE_TESTABILITY\=YES
    export ENABLE_TESTING_SEARCH_PATHS\=NO
    export ENABLE_USER_SCRIPT_SANDBOXING\=NO
    export ENABLE_XOJIT_PREVIEWS\=YES
    export ENFORCE_VALID_ARCHS\=YES
    export ENTITLEMENTS_DESTINATION\=Signature
    export ENTITLEMENTS_REQUIRED\=NO
    export EXCLUDED_INSTALLSRC_SUBDIRECTORY_PATTERNS\=.DS_Store\ .svn\ .git\ .hg\ CVS
    export EXCLUDED_RECURSIVE_SEARCH_PATH_SUBDIRECTORIES\=\*.nib\ \*.lproj\ \*.framework\ \*.gch\ \*.xcode\*\ \*.xcassets\ \*.icon\ \(\*\)\ .DS_Store\ CVS\ .svn\ .git\ .hg\ \*.pbproj\ \*.pbxproj
    export EXECUTABLES_FOLDER_PATH\=PrivateVPNPacketTunnel.appex/Executables
    export EXECUTABLE_BLANK_INJECTION_DYLIB_PATH\=PrivateVPNPacketTunnel.appex/__preview.dylib
    export EXECUTABLE_DEBUG_DYLIB_INSTALL_NAME\=@rpath/PrivateVPNPacketTunnel.debug.dylib
    export EXECUTABLE_DEBUG_DYLIB_PATH\=PrivateVPNPacketTunnel.appex/PrivateVPNPacketTunnel.debug.dylib
    export EXECUTABLE_FOLDER_PATH\=PrivateVPNPacketTunnel.appex
    export EXECUTABLE_FOLDER_PATH_SHALLOW_BUNDLE_NO\=PrivateVPNPacketTunnel.appex/MacOS
    export EXECUTABLE_FOLDER_PATH_SHALLOW_BUNDLE_YES\=PrivateVPNPacketTunnel.appex
    export EXECUTABLE_NAME\=PrivateVPNPacketTunnel
    export EXECUTABLE_PATH\=PrivateVPNPacketTunnel.appex/PrivateVPNPacketTunnel
    export EXTENSIONS_FOLDER_PATH\=PrivateVPNPacketTunnel.appex/Extensions
    export FILE_LIST\=/tmp/pvpn-dd/Build/Intermediates.noindex/PrivateVPN.build/Debug-iphoneos/PrivateVPNPacketTunnel.build/Objects/LinkFileList
    export FIXED_FILES_DIR\=/tmp/pvpn-dd/Build/Intermediates.noindex/PrivateVPN.build/Debug-iphoneos/PrivateVPNPacketTunnel.build/FixedFiles
    export FRAMEWORKS_FOLDER_PATH\=PrivateVPNPacketTunnel.appex/Frameworks
    export FRAMEWORK_FLAG_PREFIX\=-framework
    export FRAMEWORK_SEARCH_PATHS\=/tmp/pvpn-dd/Build/Products/Debug-iphoneos/PackageFrameworks\ /tmp/pvpn-dd/Build/Products/Debug-iphoneos/PackageFrameworks\ /tmp/pvpn-dd/Build/Products/Debug-iphoneos/PackageFrameworks\ /tmp/pvpn-dd/Build/Products/Debug-iphoneos\ 
    export FRAMEWORK_VERSION\=A
    export FULL_PRODUCT_NAME\=PrivateVPNPacketTunnel.appex
    export FUSE_BUILD_PHASES\=YES
    export FUSE_BUILD_SCRIPT_PHASES\=NO
    export GCC3_VERSION\=3.3
    export GCC_C_LANGUAGE_STANDARD\=gnu11
    export GCC_DYNAMIC_NO_PIC\=NO
    export GCC_INLINES_ARE_PRIVATE_EXTERN\=YES
    export GCC_NO_COMMON_BLOCKS\=YES
    export GCC_OPTIMIZATION_LEVEL\=0
    export GCC_PFE_FILE_C_DIALECTS\=c\ objective-c\ c++\ objective-c++
    export GCC_PREPROCESSOR_DEFINITIONS\=\ DEBUG\=1
    export GCC_THUMB_SUPPORT\=YES
    export GCC_TREAT_WARNINGS_AS_ERRORS\=NO
    export GCC_VERSION\=com.apple.compilers.llvm.clang.1_0
    export GCC_VERSION_IDENTIFIER\=com_apple_compilers_llvm_clang_1_0
    export GCC_WARN_64_TO_32_BIT_CONVERSION\=YES
    export GCC_WARN_ABOUT_RETURN_TYPE\=YES_ERROR
    export GCC_WARN_UNDECLARED_SELECTOR\=YES
    export GCC_WARN_UNINITIALIZED_AUTOS\=YES_AGGRESSIVE
    export GCC_WARN_UNUSED_FUNCTION\=YES
    export GCC_WARN_UNUSED_VARIABLE\=YES
    export GENERATED_MODULEMAP_DIR\=/tmp/pvpn-dd/Build/Intermediates.noindex/GeneratedModuleMaps-iphoneos
    export GENERATE_INFOPLIST_FILE\=NO
    export GENERATE_INTERMEDIATE_TEXT_BASED_STUBS\=YES
    export GENERATE_PKGINFO_FILE\=NO
    export GENERATE_PRELINK_OBJECT_FILE\=NO
    export GENERATE_PROFILING_CODE\=NO
    export GENERATE_TEXT_BASED_STUBS\=NO
    export GID\=20
    export GROUP\=staff
    export HEADERMAP_INCLUDES_FLAT_ENTRIES_FOR_TARGET_BEING_BUILT\=YES
    export HEADERMAP_INCLUDES_FRAMEWORK_ENTRIES_FOR_ALL_PRODUCT_TYPES\=YES
    export HEADERMAP_INCLUDES_FRAMEWORK_ENTRIES_FOR_TARGETS_NOT_BEING_BUILT\=YES
    export HEADERMAP_INCLUDES_NONPUBLIC_NONPRIVATE_HEADERS\=YES
    export HEADERMAP_INCLUDES_PROJECT_HEADERS\=YES
    export HEADERMAP_USES_FRAMEWORK_PREFIX_ENTRIES\=YES
    export HEADERMAP_USES_VFS\=NO
    export HEADER_SEARCH_PATHS\=/Volumes/BIWIN/SourcesCode/PrivateVPN/Vendor/WireGuardKit/Sources/WireGuardKitC/.\ /Volumes/BIWIN/SourcesCode/PrivateVPN/Vendor/WireGuardKit/Sources/WireGuardKitGo/.\ /tmp/pvpn-dd/Build/Products/Debug-iphoneos/include\ 
    export HOME\=/Users/minhnguyen
    export HOST_ARCH\=arm64
    export HOST_PLATFORM\=macosx
    export ICONV\=/usr/bin/iconv
    export IMPLICIT_DEPENDENCY_DOMAIN\=default
    export INDEX_STORE_COMPRESS\=NO
    export INDEX_STORE_ONLY_PROJECT_FILES\=NO
    export INFOPLIST_ENABLE_CFBUNDLEICONS_MERGE\=YES
    export INFOPLIST_EXPAND_BUILD_SETTINGS\=YES
    export INFOPLIST_FILE\=iOS/PrivateVPNPacketTunnel/Info.plist
    export INFOPLIST_OUTPUT_FORMAT\=binary
    export INFOPLIST_PATH\=PrivateVPNPacketTunnel.appex/Info.plist
    export INFOPLIST_PREPROCESS\=NO
    export INFOSTRINGS_PATH\=PrivateVPNPacketTunnel.appex/en.lproj/InfoPlist.strings
    export INLINE_PRIVATE_FRAMEWORKS\=NO
    export INSTALLAPI_IGNORE_SKIP_INSTALL\=YES
    export INSTALLHDRS_COPY_PHASE\=NO
    export INSTALLHDRS_SCRIPT_PHASE\=NO
    export INSTALL_DIR\=/tmp/PrivateVPN.dst
    export INSTALL_GROUP\=staff
    export INSTALL_MODE_FLAG\=u+w,go-w,a+rX
    export INSTALL_OWNER\=minhnguyen
    export INSTALL_ROOT\=/tmp/PrivateVPN.dst
    export IPHONEOS_DEPLOYMENT_TARGET\=17.0
    export IS_UNOPTIMIZED_BUILD\=YES
    export JAVAC_DEFAULT_FLAGS\=-J-Xms64m\ -J-XX:NewSize\=4M\ -J-Dfile.encoding\=UTF8
    export JAVA_APP_STUB\=/System/Library/Frameworks/JavaVM.framework/Resources/MacOS/JavaApplicationStub
    export JAVA_ARCHIVE_CLASSES\=YES
    export JAVA_ARCHIVE_TYPE\=JAR
    export JAVA_COMPILER\=/usr/bin/javac
    export JAVA_FOLDER_PATH\=PrivateVPNPacketTunnel.appex/Java
    export JAVA_FRAMEWORK_RESOURCES_DIRS\=Resources
    export JAVA_JAR_FLAGS\=cv
    export JAVA_SOURCE_SUBDIR\=.
    export JAVA_USE_DEPENDENCIES\=YES
    export JAVA_ZIP_FLAGS\=-urg
    export JIKES_DEFAULT_FLAGS\=+E\ +OLDCSO
    export KASAN_CFLAGS_CLASSIC\=-DKASAN\=1\ -DKASAN_CLASSIC\=1\ -fsanitize\=address\ -mllvm\ -asan-globals-live-support\ -mllvm\ -asan-force-dynamic-shadow
    export KASAN_CFLAGS_TBI\=-DKASAN\=1\ -DKASAN_TBI\=1\ -fsanitize\=kernel-hwaddress\ -mllvm\ -hwasan-recover\=0\ -mllvm\ -hwasan-instrument-atomics\=0\ -mllvm\ -hwasan-instrument-stack\=1\ -mllvm\ -hwasan-generate-tags-with-calls\=1\ -mllvm\ -hwasan-instrument-with-calls\=1\ -mllvm\ -hwasan-use-short-granules\=0\ -mllvm\ -hwasan-memory-access-callback-prefix\=__asan_
    export KASAN_DEFAULT_CFLAGS\=-DKASAN\=1\ -DKASAN_CLASSIC\=1\ -fsanitize\=address\ -mllvm\ -asan-globals-live-support\ -mllvm\ -asan-force-dynamic-shadow
    export KEEP_PRIVATE_EXTERNS\=NO
    export LD_DEPENDENCY_INFO_FILE\=/tmp/pvpn-dd/Build/Intermediates.noindex/PrivateVPN.build/Debug-iphoneos/PrivateVPNPacketTunnel.build/Objects-normal/undefined_arch/PrivateVPNPacketTunnel_dependency_info.dat
    export LD_ENTRY_POINT\=_NSExtensionMain
    export LD_EXPORT_SYMBOLS\=YES
    export LD_GENERATE_MAP_FILE\=NO
    export LD_MAP_FILE_PATH\=/tmp/pvpn-dd/Build/Intermediates.noindex/PrivateVPN.build/Debug-iphoneos/PrivateVPNPacketTunnel.build/PrivateVPNPacketTunnel-LinkMap-normal-undefined_arch.txt
    export LD_NO_PIE\=NO
    export LD_QUOTE_LINKER_ARGUMENTS_FOR_COMPILER_DRIVER\=YES
    export LD_RUNPATH_SEARCH_PATHS\=/tmp/pvpn-dd/Build/Products/Debug-iphoneos/PackageFrameworks\ /tmp/pvpn-dd/Build/Products/Debug-iphoneos/PackageFrameworks\ /tmp/pvpn-dd/Build/Products/Debug-iphoneos/PackageFrameworks\ \ @executable_path/Frameworks\ @executable_path/../../Frameworks
    export LD_RUNPATH_SEARCH_PATHS_YES_NO\=@loader_path/../Frameworks
    export LD_RUNPATH_SEARCH_PATHS_YES_YES\=@loader_path/../Frameworks\ @loader_path/../../../../Frameworks
    export LD_SHARED_CACHE_ELIGIBLE\=Automatic
    export LD_WARN_DUPLICATE_LIBRARIES\=NO
    export LD_WARN_UNUSED_DYLIBS\=NO
    export LEGACY_DEVELOPER_DIR\=/Applications/Xcode.app/Contents/PlugIns/Xcode3Core.ideplugin/Contents/SharedSupport/Developer
    export LEX\=lex
    export LIBRARY_DEXT_INSTALL_PATH\=/Library/DriverExtensions
    export LIBRARY_FLAG_NOSPACE\=YES
    export LIBRARY_FLAG_PREFIX\=-l
    export LIBRARY_KEXT_INSTALL_PATH\=/Library/Extensions
    export LIBRARY_SEARCH_PATHS\=/tmp/pvpn-dd/Build/Products/Debug-iphoneos\ /tmp/pvpn-dd/Build/Intermediates.noindex/PrivateVPN.build/Debug-iphoneos/PrivateVPNPacketTunnel.build/DerivedSources/wg
    export LINKER_DISPLAYS_MANGLED_NAMES\=NO
    export LINK_FILE_LIST_normal_arm64\=/tmp/pvpn-dd/Build/Intermediates.noindex/PrivateVPN.build/Debug-iphoneos/PrivateVPNPacketTunnel.build/Objects-normal/arm64/PrivateVPNPacketTunnel.LinkFileList
    export LINK_OBJC_RUNTIME\=YES
    export LINK_WITH_STANDARD_LIBRARIES\=YES
    export LLVM_TARGET_TRIPLE_OS_VERSION\=ios17.0
    export LLVM_TARGET_TRIPLE_VENDOR\=apple
    export LM_AUX_CONST_METADATA_LIST_PATH_normal_arm64\=/tmp/pvpn-dd/Build/Intermediates.noindex/PrivateVPN.build/Debug-iphoneos/PrivateVPNPacketTunnel.build/Objects-normal/arm64/PrivateVPNPacketTunnel.SwiftConstValuesFileList
    export LOCALIZATION_EXPORT_SUPPORTED\=YES
    export LOCALIZATION_PREFERS_STRING_CATALOGS\=NO
    export LOCALIZED_RESOURCES_FOLDER_PATH\=PrivateVPNPacketTunnel.appex/en.lproj
    export LOCALIZED_STRING_CODE_COMMENTS\=NO
    export LOCALIZED_STRING_MACRO_NAMES\=NSLocalizedString\ CFCopyLocalizedString
    export LOCALIZED_STRING_SWIFTUI_SUPPORT\=YES
    export LOCAL_ADMIN_APPS_DIR\=/Applications/Utilities
    export LOCAL_APPS_DIR\=/Applications
    export LOCAL_DEVELOPER_DIR\=/Library/Developer
    export LOCAL_LIBRARY_DIR\=/Library
    export LOCROOT\=/Volumes/BIWIN/SourcesCode/PrivateVPN
    export LOCSYMROOT\=/Volumes/BIWIN/SourcesCode/PrivateVPN
    export MACH_O_TYPE\=mh_execute
    export MAC_OS_X_PRODUCT_BUILD_VERSION\=25F84
    export MAC_OS_X_VERSION_ACTUAL\=260502
    export MAC_OS_X_VERSION_MAJOR\=260000
    export MAC_OS_X_VERSION_MINOR\=260500
    export MAKE_MERGEABLE\=NO
    export MERGEABLE_LIBRARY\=NO
    export MERGED_BINARY_TYPE\=none
    export MERGE_LINKED_LIBRARIES\=NO
    export METAL_LIBRARY_FILE_BASE\=default
    export METAL_LIBRARY_OUTPUT_DIR\=/tmp/pvpn-dd/Build/Products/Debug-iphoneos/PrivateVPNPacketTunnel.appex
    export MODULES_FOLDER_PATH\=PrivateVPNPacketTunnel.appex/Modules
    export MODULE_CACHE_DIR\=/tmp/pvpn-dd/ModuleCache.noindex
    export MTL_ENABLE_DEBUG_INFO\=INCLUDE_SOURCE
    export MTL_FAST_MATH\=YES
    export NATIVE_ARCH\=arm64
    export NATIVE_ARCH_32_BIT\=arm
    export NATIVE_ARCH_64_BIT\=arm64
    export NATIVE_ARCH_ACTUAL\=arm64
    export NO_COMMON\=YES
    export OBJECT_FILE_DIR\=/tmp/pvpn-dd/Build/Intermediates.noindex/PrivateVPN.build/Debug-iphoneos/PrivateVPNPacketTunnel.build/Objects
    export OBJECT_FILE_DIR_normal\=/tmp/pvpn-dd/Build/Intermediates.noindex/PrivateVPN.build/Debug-iphoneos/PrivateVPNPacketTunnel.build/Objects-normal
    export OBJROOT\=/tmp/pvpn-dd/Build/Intermediates.noindex
    export ONLY_ACTIVE_ARCH\=NO
    export OS\=MACOS
    export OSAC\=/usr/bin/osacompile
    export OTHER_CFLAGS\=-fmodule-map-file\=/tmp/pvpn-dd/Build/Intermediates.noindex/GeneratedModuleMaps-iphoneos/WireGuardKit.modulemap\ 
    export OTHER_CPLUSPLUSFLAGS\=-fmodule-map-file\=/tmp/pvpn-dd/Build/Intermediates.noindex/GeneratedModuleMaps-iphoneos/WireGuardKit.modulemap\ 
    export OTHER_LDFLAGS\=-Wl,-no_warn_duplicate_libraries\ -Wl,-no_warn_duplicate_libraries\ -Wl,-no_warn_duplicate_libraries\ \ -lwg-go
    export PACKAGE_TYPE\=com.apple.package-type.app-extension
    export PASCAL_STRINGS\=YES
    export PATH\=/Applications/Xcode.app/Contents/SharedFrameworks/SwiftBuild.framework/Versions/A/PlugIns/SWBBuildService.bundle/Contents/PlugIns/SWBUniversalPlatformPlugin.bundle/Contents/Frameworks/SWBUniversalPlatform.framework/Resources:/Applications/Xcode.app/Contents/Developer/Toolchains/XcodeDefault.xctoolchain/usr/bin:/Applications/Xcode.app/Contents/Developer/Toolchains/XcodeDefault.xctoolchain/usr/local/bin:/Applications/Xcode.app/Contents/Developer/Toolchains/XcodeDefault.xctoolchain/usr/libexec:/Applications/Xcode.app/Contents/Developer/Platforms/iPhoneOS.platform/usr/bin:/Applications/Xcode.app/Contents/Developer/Platforms/iPhoneOS.platform/usr/local/bin:/Applications/Xcode.app/Contents/Developer/Platforms/iPhoneOS.platform/Developer/usr/bin:/Applications/Xcode.app/Contents/Developer/Platforms/iPhoneOS.platform/Developer/usr/local/bin:/Applications/Xcode.app/Contents/Developer/usr/bin:/Applications/Xcode.app/Contents/Developer/usr/local/bin:/Users/minhnguyen/.codebuddy/bin:/Users/minhnguyen/.local/bin:/Library/Frameworks/Python.framework/Versions/3.13/bin:/opt/homebrew/bin:/opt/homebrew/sbin:/usr/local/bin:/System/Cryptexes/App/usr/bin:/usr/bin:/bin:/usr/sbin:/sbin:/var/run/com.apple.security.cryptexd/codex.system/bootstrap/usr/local/bin:/var/run/com.apple.security.cryptexd/codex.system/bootstrap/usr/bin:/var/run/com.apple.security.cryptexd/codex.system/bootstrap/usr/appleinternal/bin:/pkg/env/global/bin:/Library/Apple/usr/bin
    export PATH_PREFIXES_EXCLUDED_FROM_HEADER_DEPENDENCIES\=/usr/include\ /usr/local/include\ /System/Library/Frameworks\ /System/Library/PrivateFrameworks\ /Applications/Xcode.app/Contents/Developer/Headers\ /Applications/Xcode.app/Contents/Developer/SDKs\ /Applications/Xcode.app/Contents/Developer/Platforms
    export PBDEVELOPMENTPLIST_PATH\=PrivateVPNPacketTunnel.appex/pbdevelopment.plist
    export PER_ARCH_MODULE_FILE_DIR\=/tmp/pvpn-dd/Build/Intermediates.noindex/PrivateVPN.build/Debug-iphoneos/PrivateVPNPacketTunnel.build/Objects-normal/undefined_arch
    export PER_ARCH_OBJECT_FILE_DIR\=/tmp/pvpn-dd/Build/Intermediates.noindex/PrivateVPN.build/Debug-iphoneos/PrivateVPNPacketTunnel.build/Objects-normal/undefined_arch
    export PER_VARIANT_OBJECT_FILE_DIR\=/tmp/pvpn-dd/Build/Intermediates.noindex/PrivateVPN.build/Debug-iphoneos/PrivateVPNPacketTunnel.build/Objects-normal
    export PKGINFO_FILE_PATH\=/tmp/pvpn-dd/Build/Intermediates.noindex/PrivateVPN.build/Debug-iphoneos/PrivateVPNPacketTunnel.build/PkgInfo
    export PKGINFO_PATH\=PrivateVPNPacketTunnel.appex/PkgInfo
    export PLATFORM_DEVELOPER_APPLICATIONS_DIR\=/Applications/Xcode.app/Contents/Developer/Platforms/iPhoneOS.platform/Developer/Applications
    export PLATFORM_DEVELOPER_BIN_DIR\=/Applications/Xcode.app/Contents/Developer/Platforms/iPhoneOS.platform/Developer/usr/bin
    export PLATFORM_DEVELOPER_LIBRARY_DIR\=/Applications/Xcode.app/Contents/Developer/Platforms/iPhoneOS.platform/Developer/Library
    export PLATFORM_DEVELOPER_SDK_DIR\=/Applications/Xcode.app/Contents/Developer/Platforms/iPhoneOS.platform/Developer/SDKs
    export PLATFORM_DEVELOPER_TOOLS_DIR\=/Applications/Xcode.app/Contents/Developer/Platforms/iPhoneOS.platform/Developer/Tools
    export PLATFORM_DEVELOPER_USR_DIR\=/Applications/Xcode.app/Contents/Developer/Platforms/iPhoneOS.platform/Developer/usr
    export PLATFORM_DIR\=/Applications/Xcode.app/Contents/Developer/Platforms/iPhoneOS.platform
    export PLATFORM_DISPLAY_NAME\=iOS
    export PLATFORM_FAMILY_NAME\=iOS
    export PLATFORM_NAME\=iphoneos
    export PLATFORM_PREFERRED_ARCH\=arm64
    export PLATFORM_PRODUCT_BUILD_VERSION\=23F81a
    export PLATFORM_REQUIRES_SWIFT_AUTOLINK_EXTRACT\=NO
    export PLATFORM_REQUIRES_SWIFT_MODULEWRAP\=NO
    export PLATFORM_USES_DSYMS\=YES
    export PLIST_FILE_OUTPUT_FORMAT\=binary
    export PLUGINS_FOLDER_PATH\=PrivateVPNPacketTunnel.appex/PlugIns
    export PRECOMPS_INCLUDE_HEADERS_FROM_BUILT_PRODUCTS_DIR\=YES
    export PRECOMP_DESTINATION_DIR\=/tmp/pvpn-dd/Build/Intermediates.noindex/PrivateVPN.build/Debug-iphoneos/PrivateVPNPacketTunnel.build/PrefixHeaders
    export PRIVATE_HEADERS_FOLDER_PATH\=PrivateVPNPacketTunnel.appex/PrivateHeaders
    export PROCESSED_INFOPLIST_PATH\=/tmp/pvpn-dd/Build/Intermediates.noindex/PrivateVPN.build/Debug-iphoneos/PrivateVPNPacketTunnel.build/Objects-normal/undefined_arch/Processed-Info.plist
    export PRODUCT_BUNDLE_IDENTIFIER\=com.privatevpn.app.packet-tunnel
    export PRODUCT_BUNDLE_PACKAGE_TYPE\=XPC\!
    export PRODUCT_MODULE_NAME\=PrivateVPNPacketTunnel
    export PRODUCT_NAME\=PrivateVPNPacketTunnel
    export PRODUCT_SETTINGS_PATH\=/Volumes/BIWIN/SourcesCode/PrivateVPN/iOS/PrivateVPNPacketTunnel/Info.plist
    export PRODUCT_TYPE\=com.apple.product-type.app-extension
    export PROFILING_CODE\=NO
    export PROJECT\=PrivateVPN
    export PROJECT_DERIVED_FILE_DIR\=/tmp/pvpn-dd/Build/Intermediates.noindex/PrivateVPN.build/DerivedSources
    export PROJECT_DIR\=/Volumes/BIWIN/SourcesCode/PrivateVPN
    export PROJECT_FILE_PATH\=/Volumes/BIWIN/SourcesCode/PrivateVPN/PrivateVPN.xcodeproj
    export PROJECT_GUID\=3e357c95868f0b93e62acfafa95a57dd
    export PROJECT_NAME\=PrivateVPN
    export PROJECT_TEMP_DIR\=/tmp/pvpn-dd/Build/Intermediates.noindex/PrivateVPN.build
    export PROJECT_TEMP_ROOT\=/tmp/pvpn-dd/Build/Intermediates.noindex
    export PROVISIONING_PROFILE_REQUIRED\=YES
    export PROVISIONING_PROFILE_SUPPORTED\=YES
    export PUBLIC_HEADERS_FOLDER_PATH\=PrivateVPNPacketTunnel.appex/Headers
    export RECOMMENDED_IPHONEOS_DEPLOYMENT_TARGET\=15.0
    export RECURSIVE_SEARCH_PATHS_FOLLOW_SYMLINKS\=YES
    export REMOVE_CVS_FROM_RESOURCES\=YES
    export REMOVE_GIT_FROM_RESOURCES\=YES
    export REMOVE_HEADERS_FROM_EMBEDDED_BUNDLES\=YES
    export REMOVE_HG_FROM_RESOURCES\=YES
    export REMOVE_STATIC_EXECUTABLES_FROM_EMBEDDED_BUNDLES\=YES
    export REMOVE_SVN_FROM_RESOURCES\=YES
    export RESCHEDULE_INDEPENDENT_HEADERS_PHASES\=YES
    export REZ_COLLECTOR_DIR\=/tmp/pvpn-dd/Build/Intermediates.noindex/PrivateVPN.build/Debug-iphoneos/PrivateVPNPacketTunnel.build/ResourceManagerResources
    export REZ_OBJECTS_DIR\=/tmp/pvpn-dd/Build/Intermediates.noindex/PrivateVPN.build/Debug-iphoneos/PrivateVPNPacketTunnel.build/ResourceManagerResources/Objects
    export REZ_SEARCH_PATHS\=/tmp/pvpn-dd/Build/Products/Debug-iphoneos\ 
    export RPATH_ORIGIN\=@loader_path
    export RUNTIME_EXCEPTION_ALLOW_DYLD_ENVIRONMENT_VARIABLES\=NO
    export RUNTIME_EXCEPTION_ALLOW_JIT\=NO
    export RUNTIME_EXCEPTION_ALLOW_UNSIGNED_EXECUTABLE_MEMORY\=NO
    export RUNTIME_EXCEPTION_DEBUGGING_TOOL\=NO
    export RUNTIME_EXCEPTION_DISABLE_EXECUTABLE_PAGE_PROTECTION\=NO
    export RUNTIME_EXCEPTION_DISABLE_LIBRARY_VALIDATION\=NO
    export SCANNING_PCM_KEEP_CACHE_DIRECTORY\=YES
    export SCAN_ALL_SOURCE_FILES_FOR_INCLUDES\=NO
    export SCRIPTS_FOLDER_PATH\=PrivateVPNPacketTunnel.appex/Scripts
    export SCRIPT_INPUT_FILE_COUNT\=0
    export SCRIPT_INPUT_FILE_LIST_COUNT\=0
    export SCRIPT_OUTPUT_FILE_COUNT\=0
    export SCRIPT_OUTPUT_FILE_LIST_COUNT\=0
    export SDKROOT\=/Applications/Xcode.app/Contents/Developer/Platforms/iPhoneOS.platform/Developer/SDKs/iPhoneOS26.5.sdk
    export SDK_DIR\=/Applications/Xcode.app/Contents/Developer/Platforms/iPhoneOS.platform/Developer/SDKs/iPhoneOS26.5.sdk
    export SDK_DIR_iphoneos\=/Applications/Xcode.app/Contents/Developer/Platforms/iPhoneOS.platform/Developer/SDKs/iPhoneOS26.5.sdk
    export SDK_DIR_iphoneos26_5\=/Applications/Xcode.app/Contents/Developer/Platforms/iPhoneOS.platform/Developer/SDKs/iPhoneOS26.5.sdk
    export SDK_NAME\=iphoneos26.5
    export SDK_NAMES\=iphoneos26.5
    export SDK_PRODUCT_BUILD_VERSION\=23F81a
    export SDK_STAT_CACHE_DIR\=/tmp/pvpn-dd
    export SDK_STAT_CACHE_ENABLE\=YES
    export SDK_STAT_CACHE_PATH\=/tmp/pvpn-dd/SDKStatCaches.noindex/iphoneos26.5-23F81a-32daed1954a7d5dd0789fcaf2a9bb78b.sdkstatcache
    export SDK_VERSION\=26.5
    export SDK_VERSION_ACTUAL\=260500
    export SDK_VERSION_MAJOR\=260000
    export SDK_VERSION_MINOR\=260500
    export SED\=/usr/bin/sed
    export SEPARATE_STRIP\=NO
    export SEPARATE_SYMBOL_EDIT\=NO
    export SET_DIR_MODE_OWNER_GROUP\=YES
    export SET_FILE_MODE_OWNER_GROUP\=NO
    export SHALLOW_BUNDLE\=YES
    export SHALLOW_BUNDLE_TRIPLE\=ios
    export SHALLOW_BUNDLE_ios_macabi\=NO
    export SHALLOW_BUNDLE_macos\=NO
    export SHARED_DERIVED_FILE_DIR\=/tmp/pvpn-dd/Build/Products/Debug-iphoneos/DerivedSources
    export SHARED_FRAMEWORKS_FOLDER_PATH\=PrivateVPNPacketTunnel.appex/SharedFrameworks
    export SHARED_PRECOMPS_DIR\=/tmp/pvpn-dd/Build/Intermediates.noindex/PrecompiledHeaders
    export SHARED_SUPPORT_FOLDER_PATH\=PrivateVPNPacketTunnel.appex/SharedSupport
    export SKIP_INSTALL\=YES
    export SKIP_MERGEABLE_LIBRARY_BUNDLE_HOOK\=NO
    export SOURCE_ROOT\=/Volumes/BIWIN/SourcesCode/PrivateVPN
    export SRCROOT\=/Volumes/BIWIN/SourcesCode/PrivateVPN
    export STRINGSDATA_DIR\=/tmp/pvpn-dd/Build/Intermediates.noindex/PrivateVPN.build/Debug-iphoneos/PrivateVPNPacketTunnel.build/Objects-normal/undefined_arch
    export STRINGSDATA_ROOT\=/tmp/pvpn-dd/Build/Intermediates.noindex/PrivateVPN.build/Debug-iphoneos/PrivateVPNPacketTunnel.build
    export STRINGS_FILE_INFOPLIST_RENAME\=YES
    export STRINGS_FILE_OUTPUT_ENCODING\=binary
    export STRING_CATALOG_GENERATE_SYMBOLS\=NO
    export STRIP_BITCODE_FROM_COPIED_FILES\=YES
    export STRIP_INSTALLED_PRODUCT\=NO
    export STRIP_STYLE\=non-global
    export STRIP_SWIFT_SYMBOLS\=YES
    export SUPPORTED_DEVICE_FAMILIES\=1,2
    export SUPPORTED_PLATFORMS\=iphoneos\ iphonesimulator
    export SUPPORTS_MACCATALYST\=NO
    export SUPPORTS_MAC_DESIGNED_FOR_IPHONE_IPAD\=YES
    export SUPPORTS_TEXT_BASED_API\=NO
    export SUPPORTS_XR_DESIGNED_FOR_IPHONE_IPAD\=YES
    export SUPPRESS_WARNINGS\=NO
    export SWIFT_ACTIVE_COMPILATION_CONDITIONS\=DEBUG
    export SWIFT_EMIT_CONST_VALUE_PROTOCOLS\=AnyResolverProviding\ AppEntity\ AppEnum\ AppExtension\ AppIntent\ AppIntentsPackage\ AppShortcutProviding\ AppShortcutsProvider\ AppUnionValue\ AppUnionValueCasesProviding\ DynamicOptionsProvider\ EntityQuery\ ExtensionPointDefining\ IntentValueQuery\ Resolver\ TransientEntity\ _AssistantIntentsProvider\ _GenerativeFunctionExtractable\ _IntentValueRepresentable
    export SWIFT_EMIT_LOC_STRINGS\=NO
    export SWIFT_ENABLE_EXPLICIT_MODULES\=YES
    export SWIFT_OPTIMIZATION_LEVEL\=-Onone
    export SWIFT_PLATFORM_TARGET_PREFIX\=ios
    export SWIFT_RESPONSE_FILE_PATH_normal_arm64\=/tmp/pvpn-dd/Build/Intermediates.noindex/PrivateVPN.build/Debug-iphoneos/PrivateVPNPacketTunnel.build/Objects-normal/arm64/PrivateVPNPacketTunnel.SwiftFileList
    export SWIFT_VERSION\=6.0
    export SYMROOT\=/tmp/pvpn-dd/Build/Products
    export SYSTEM_ADMIN_APPS_DIR\=/Applications/Utilities
    export SYSTEM_APPS_DIR\=/Applications
    export SYSTEM_CORE_SERVICES_DIR\=/System/Library/CoreServices
    export SYSTEM_DEMOS_DIR\=/Applications/Extras
    export SYSTEM_DEVELOPER_APPS_DIR\=/Applications/Xcode.app/Contents/Developer/Applications
    export SYSTEM_DEVELOPER_BIN_DIR\=/Applications/Xcode.app/Contents/Developer/usr/bin
    export SYSTEM_DEVELOPER_DEMOS_DIR\=/Applications/Xcode.app/Contents/Developer/Applications/Utilities/Built\ Examples
    export SYSTEM_DEVELOPER_DIR\=/Applications/Xcode.app/Contents/Developer
    export SYSTEM_DEVELOPER_DOC_DIR\=/Applications/Xcode.app/Contents/Developer/ADC\ Reference\ Library
    export SYSTEM_DEVELOPER_GRAPHICS_TOOLS_DIR\=/Applications/Xcode.app/Contents/Developer/Applications/Graphics\ Tools
    export SYSTEM_DEVELOPER_JAVA_TOOLS_DIR\=/Applications/Xcode.app/Contents/Developer/Applications/Java\ Tools
    export SYSTEM_DEVELOPER_PERFORMANCE_TOOLS_DIR\=/Applications/Xcode.app/Contents/Developer/Applications/Performance\ Tools
    export SYSTEM_DEVELOPER_RELEASENOTES_DIR\=/Applications/Xcode.app/Contents/Developer/ADC\ Reference\ Library/releasenotes
    export SYSTEM_DEVELOPER_TOOLS\=/Applications/Xcode.app/Contents/Developer/Tools
    export SYSTEM_DEVELOPER_TOOLS_DOC_DIR\=/Applications/Xcode.app/Contents/Developer/ADC\ Reference\ Library/documentation/DeveloperTools
    export SYSTEM_DEVELOPER_TOOLS_RELEASENOTES_DIR\=/Applications/Xcode.app/Contents/Developer/ADC\ Reference\ Library/releasenotes/DeveloperTools
    export SYSTEM_DEVELOPER_USR_DIR\=/Applications/Xcode.app/Contents/Developer/usr
    export SYSTEM_DEVELOPER_UTILITIES_DIR\=/Applications/Xcode.app/Contents/Developer/Applications/Utilities
    export SYSTEM_DEXT_INSTALL_PATH\=/System/Library/DriverExtensions
    export SYSTEM_DOCUMENTATION_DIR\=/Library/Documentation
    export SYSTEM_EXTENSIONS_FOLDER_PATH\=PrivateVPNPacketTunnel.appex/SystemExtensions
    export SYSTEM_EXTENSIONS_FOLDER_PATH_SHALLOW_BUNDLE_NO\=PrivateVPNPacketTunnel.appex/Library/SystemExtensions
    export SYSTEM_EXTENSIONS_FOLDER_PATH_SHALLOW_BUNDLE_YES\=PrivateVPNPacketTunnel.appex/SystemExtensions
    export SYSTEM_KEXT_INSTALL_PATH\=/System/Library/Extensions
    export SYSTEM_LIBRARY_DIR\=/System/Library
    export TAPI_DEMANGLE\=YES
    export TAPI_ENABLE_PROJECT_HEADERS\=NO
    export TAPI_LANGUAGE\=objective-c
    export TAPI_LANGUAGE_STANDARD\=compiler-default
    export TAPI_USE_SRCROOT\=YES
    export TAPI_VERIFY_MODE\=Pedantic
    export TARGETED_DEVICE_FAMILY\=1,2
    export TARGETNAME\=PrivateVPNPacketTunnel
    export TARGET_BUILD_DIR\=/tmp/pvpn-dd/Build/Products/Debug-iphoneos
    export TARGET_NAME\=PrivateVPNPacketTunnel
    export TARGET_TEMP_DIR\=/tmp/pvpn-dd/Build/Intermediates.noindex/PrivateVPN.build/Debug-iphoneos/PrivateVPNPacketTunnel.build
    export TEMP_DIR\=/tmp/pvpn-dd/Build/Intermediates.noindex/PrivateVPN.build/Debug-iphoneos/PrivateVPNPacketTunnel.build
    export TEMP_FILES_DIR\=/tmp/pvpn-dd/Build/Intermediates.noindex/PrivateVPN.build/Debug-iphoneos/PrivateVPNPacketTunnel.build
    export TEMP_FILE_DIR\=/tmp/pvpn-dd/Build/Intermediates.noindex/PrivateVPN.build/Debug-iphoneos/PrivateVPNPacketTunnel.build
    export TEMP_ROOT\=/tmp/pvpn-dd/Build/Intermediates.noindex
    export TEMP_SANDBOX_DIR\=/tmp/pvpn-dd/Build/Intermediates.noindex/TemporaryTaskSandboxes
    export TEST_FRAMEWORK_SEARCH_PATHS\=\ /Applications/Xcode.app/Contents/Developer/Platforms/iPhoneOS.platform/Developer/Library/Frameworks\ /Applications/Xcode.app/Contents/Developer/Platforms/iPhoneOS.platform/Developer/SDKs/iPhoneOS26.5.sdk/Developer/Library/Frameworks
    export TEST_LIBRARY_SEARCH_PATHS\=\ /Applications/Xcode.app/Contents/Developer/Platforms/iPhoneOS.platform/Developer/usr/lib
    export TOOLCHAINS\=com.apple.dt.toolchain.XcodeDefault
    export TOOLCHAIN_DIR\=/Applications/Xcode.app/Contents/Developer/Toolchains/XcodeDefault.xctoolchain
    export TREAT_MISSING_BASELINES_AS_TEST_FAILURES\=NO
    export TREAT_MISSING_SCRIPT_PHASE_OUTPUTS_AS_ERRORS\=NO
    export UID\=501
    export UNINSTALLED_PRODUCTS_DIR\=/tmp/pvpn-dd/Build/Intermediates.noindex/UninstalledProducts
    export UNLOCALIZED_RESOURCES_FOLDER_PATH\=PrivateVPNPacketTunnel.appex
    export UNLOCALIZED_RESOURCES_FOLDER_PATH_SHALLOW_BUNDLE_NO\=PrivateVPNPacketTunnel.appex/Resources
    export UNLOCALIZED_RESOURCES_FOLDER_PATH_SHALLOW_BUNDLE_YES\=PrivateVPNPacketTunnel.appex
    export UNSTRIPPED_PRODUCT\=NO
    export USER\=minhnguyen
    export USER_APPS_DIR\=/Users/minhnguyen/Applications
    export USER_LIBRARY_DIR\=/Users/minhnguyen/Library
    export USE_DYNAMIC_NO_PIC\=YES
    export USE_HEADERMAP\=YES
    export USE_HEADER_SYMLINKS\=NO
    export VALIDATE_DEVELOPMENT_ASSET_PATHS\=YES_ERROR
    export VALIDATE_PRODUCT\=NO
    export VALID_ARCHS\=arm64\ arm64e\ armv7\ armv7s
    export VERBOSE_PBXCP\=NO
    export VERSIONPLIST_PATH\=PrivateVPNPacketTunnel.appex/version.plist
    export VERSION_INFO_BUILDER\=minhnguyen
    export VERSION_INFO_FILE\=PrivateVPNPacketTunnel_vers.c
    export VERSION_INFO_STRING\=\"@\(\#\)PROGRAM:PrivateVPNPacketTunnel\ \ PROJECT:PrivateVPN-\"
    export WORKSPACE_DIR\=/Volumes/BIWIN/SourcesCode/PrivateVPN/PrivateVPN.xcodeproj
    export WRAPPER_EXTENSION\=appex
    export WRAPPER_NAME\=PrivateVPNPacketTunnel.appex
    export WRAPPER_SUFFIX\=.appex
    export WRAP_ASSET_PACKS_IN_SEPARATE_DIRECTORIES\=NO
    export XCODE_APP_SUPPORT_DIR\=/Applications/Xcode.app/Contents/Developer/Library/Xcode
    export XCODE_PRODUCT_BUILD_VERSION\=17F113
    export XCODE_VERSION_ACTUAL\=2660
    export XCODE_VERSION_MAJOR\=2600
    export XCODE_VERSION_MINOR\=2660
    export XPCSERVICES_FOLDER_PATH\=PrivateVPNPacketTunnel.appex/XPCServices
    export YACC\=yacc
    export _DISCOVER_COMMAND_LINE_LINKER_INPUTS\=YES
    export _DISCOVER_COMMAND_LINE_LINKER_INPUTS_INCLUDE_WL\=YES
    export _LD_MULTIARCH\=YES
    export _WRAPPER_CONTENTS_DIR_SHALLOW_BUNDLE_NO\=/Contents
    export _WRAPPER_PARENT_PATH_SHALLOW_BUNDLE_NO\=/..
    export _WRAPPER_RESOURCES_DIR_SHALLOW_BUNDLE_NO\=/Resources
    export __DIAGNOSE_DEPRECATED_ARCHS\=YES
    export __IS_NOT_MACOS\=YES
    export __IS_NOT_MACOS_macosx\=NO
    export __ORIGINAL_SDK_DEFINED_LLVM_TARGET_TRIPLE_SYS\=ios
    export arch\=undefined_arch
    export variant\=normal
    /bin/sh -c /tmp/pvpn-dd/Build/Intermediates.noindex/PrivateVPN.build/Debug-iphoneos/PrivateVPNPacketTunnel.build/Script-59C7A24ADAF260EC60051138.sh
[ -n "/opt/homebrew/Cellar/go/1.26.6/libexec" ]
mkdir -p "/tmp/pvpn-dd/Build/Intermediates.noindex/PrivateVPN.build/Debug-iphoneos/PrivateVPNPacketTunnel.build/DerivedSources/wg-tmp/wireguard-go-bridge/goroot"
rsync -a --delete --exclude=pkg/obj/go-build "/opt/homebrew/Cellar/go/1.26.6/libexec/" "/tmp/pvpn-dd/Build/Intermediates.noindex/PrivateVPN.build/Debug-iphoneos/PrivateVPNPacketTunnel.build/DerivedSources/wg-tmp/wireguard-go-bridge/goroot/"
cat goruntime-*.diff | patch -p1 -f -N -r- -d "/tmp/pvpn-dd/Build/Intermediates.noindex/PrivateVPN.build/Debug-iphoneos/PrivateVPNPacketTunnel.build/DerivedSources/wg-tmp/wireguard-go-bridge/goroot"
patching file 'src/runtime/sys_darwin.go'
patching file 'src/runtime/sys_darwin_amd64.s'
patching file 'src/runtime/sys_darwin_arm64.s'
touch "/tmp/pvpn-dd/Build/Intermediates.noindex/PrivateVPN.build/Debug-iphoneos/PrivateVPNPacketTunnel.build/DerivedSources/wg-tmp/wireguard-go-bridge/goroot/.prepared"
go build -ldflags=-w -trimpath -v -o "/tmp/pvpn-dd/Build/Intermediates.noindex/PrivateVPN.build/Debug-iphoneos/PrivateVPNPacketTunnel.build/DerivedSources/wg-tmp/wireguard-go-bridge/libwg-go-arm64.a" -buildmode c-archive
golang.zx2c4.com/wireguard/apple
rm -f "/tmp/pvpn-dd/Build/Intermediates.noindex/PrivateVPN.build/Debug-iphoneos/PrivateVPNPacketTunnel.build/DerivedSources/wg-tmp/wireguard-go-bridge/libwg-go-arm64.h"
lipo -create -output "/tmp/pvpn-dd/Build/Intermediates.noindex/PrivateVPN.build/Debug-iphoneos/PrivateVPNPacketTunnel.build/DerivedSources/wg/libwg-go.a" /tmp/pvpn-dd/Build/Intermediates.noindex/PrivateVPN.build/Debug-iphoneos/PrivateVPNPacketTunnel.build/DerivedSources/wg-tmp/wireguard-go-bridge/libwg-go-arm64.a

ProcessInfoPlistFile /tmp/pvpn-dd/Build/Products/Debug-iphoneos/PrivateVPNPacketTunnel.appex/Info.plist /Volumes/BIWIN/SourcesCode/PrivateVPN/iOS/PrivateVPNPacketTunnel/Info.plist (in target 'PrivateVPNPacketTunnel' from project 'PrivateVPN')
    cd /Volumes/BIWIN/SourcesCode/PrivateVPN
    builtin-infoPlistUtility /Volumes/BIWIN/SourcesCode/PrivateVPN/iOS/PrivateVPNPacketTunnel/Info.plist -producttype com.apple.product-type.app-extension -expandbuildsettings -format binary -platform iphoneos -requiredArchitecture arm64 -o /tmp/pvpn-dd/Build/Products/Debug-iphoneos/PrivateVPNPacketTunnel.appex/Info.plist

Ld /tmp/pvpn-dd/Build/Products/Debug-iphoneos/PrivateVPNPacketTunnel.appex/__preview.dylib normal (in target 'PrivateVPNPacketTunnel' from project 'PrivateVPN')
    cd /Volumes/BIWIN/SourcesCode/PrivateVPN
    /Applications/Xcode.app/Contents/Developer/Toolchains/XcodeDefault.xctoolchain/usr/bin/clang -Xlinker -reproducible -target arm64-apple-ios17.0 -dynamiclib -isysroot /Applications/Xcode.app/Contents/Developer/Platforms/iPhoneOS.platform/Developer/SDKs/iPhoneOS26.5.sdk -O0 -L/tmp/pvpn-dd/Build/Products/Debug-iphoneos -L/tmp/pvpn-dd/Build/Intermediates.noindex/PrivateVPN.build/Debug-iphoneos/PrivateVPNPacketTunnel.build/DerivedSources/wg -F/tmp/pvpn-dd/Build/Products/Debug-iphoneos/PackageFrameworks -F/tmp/pvpn-dd/Build/Products/Debug-iphoneos/PackageFrameworks -F/tmp/pvpn-dd/Build/Products/Debug-iphoneos/PackageFrameworks -F/tmp/pvpn-dd/Build/Products/Debug-iphoneos -install_name @rpath/PrivateVPNPacketTunnel.debug.dylib -Xlinker -dead_strip -rdynamic -Xlinker -no_deduplicate -Xlinker -dependency_info -Xlinker /tmp/pvpn-dd/Build/Intermediates.noindex/PrivateVPN.build/Debug-iphoneos/PrivateVPNPacketTunnel.build/Objects-normal/arm64/PrivateVPNPacketTunnel_dependency_info.dat -o /tmp/pvpn-dd/Build/Products/Debug-iphoneos/PrivateVPNPacketTunnel.appex/__preview.dylib

SwiftDriver PrivateVPNPacketTunnel normal arm64 com.apple.xcode.tools.swift.compiler (in target 'PrivateVPNPacketTunnel' from project 'PrivateVPN')
    cd /Volumes/BIWIN/SourcesCode/PrivateVPN
    builtin-SwiftDriver -- /Applications/Xcode.app/Contents/Developer/Toolchains/XcodeDefault.xctoolchain/usr/bin/swiftc -module-name PrivateVPNPacketTunnel -Onone @/tmp/pvpn-dd/Build/Intermediates.noindex/PrivateVPN.build/Debug-iphoneos/PrivateVPNPacketTunnel.build/Objects-normal/arm64/PrivateVPNPacketTunnel.SwiftFileList -DDEBUG -enable-experimental-feature DebugDescriptionMacro -sdk /Applications/Xcode.app/Contents/Developer/Platforms/iPhoneOS.platform/Developer/SDKs/iPhoneOS26.5.sdk -target arm64-apple-ios17.0 -g -module-cache-path /tmp/pvpn-dd/ModuleCache.noindex -Xfrontend -serialize-debugging-options -application-extension -enable-testing -index-store-path /tmp/pvpn-dd/Index.noindex/DataStore -Xcc -D_LIBCPP_HARDENING_MODE\=_LIBCPP_HARDENING_MODE_DEBUG -swift-version 6 -I /tmp/pvpn-dd/Build/Products/Debug-iphoneos -F /tmp/pvpn-dd/Build/Products/Debug-iphoneos/PackageFrameworks -F /tmp/pvpn-dd/Build/Products/Debug-iphoneos/PackageFrameworks -F /tmp/pvpn-dd/Build/Products/Debug-iphoneos/PackageFrameworks -F /tmp/pvpn-dd/Build/Products/Debug-iphoneos -c -j8 -enable-batch-mode -incremental -Xcc -ivfsstatcache -Xcc /tmp/pvpn-dd/SDKStatCaches.noindex/iphoneos26.5-23F81a-32daed1954a7d5dd0789fcaf2a9bb78b.sdkstatcache -output-file-map /tmp/pvpn-dd/Build/Intermediates.noindex/PrivateVPN.build/Debug-iphoneos/PrivateVPNPacketTunnel.build/Objects-normal/arm64/PrivateVPNPacketTunnel-OutputFileMap.json -use-frontend-parseable-output -save-temps -no-color-diagnostics -explicit-module-build -module-cache-path /tmp/pvpn-dd/Build/Intermediates.noindex/SwiftExplicitPrecompiledModules -clang-scanner-module-cache-path /tmp/pvpn-dd/ModuleCache.noindex -sdk-module-cache-path /tmp/pvpn-dd/ModuleCache.noindex -serialize-diagnostics -emit-dependencies -emit-module -emit-module-path /tmp/pvpn-dd/Build/Intermediates.noindex/PrivateVPN.build/Debug-iphoneos/PrivateVPNPacketTunnel.build/Objects-normal/arm64/PrivateVPNPacketTunnel.swiftmodule -validate-clang-modules-once -clang-build-session-file /tmp/pvpn-dd/ModuleCache.noindex/Session.modulevalidation -Xcc -I/tmp/pvpn-dd/Build/Intermediates.noindex/PrivateVPN.build/Debug-iphoneos/PrivateVPNPacketTunnel.build/swift-overrides.hmap -emit-const-values -Xfrontend -const-gather-protocols-file -Xfrontend /tmp/pvpn-dd/Build/Intermediates.noindex/PrivateVPN.build/Debug-iphoneos/PrivateVPNPacketTunnel.build/Objects-normal/arm64/PrivateVPNPacketTunnel_const_extract_protocols.json -Xcc -iquote -Xcc /tmp/pvpn-dd/Build/Intermediates.noindex/PrivateVPN.build/Debug-iphoneos/PrivateVPNPacketTunnel.build/PrivateVPNPacketTunnel-generated-files.hmap -Xcc -I/tmp/pvpn-dd/Build/Intermediates.noindex/PrivateVPN.build/Debug-iphoneos/PrivateVPNPacketTunnel.build/PrivateVPNPacketTunnel-own-target-headers.hmap -Xcc -I/tmp/pvpn-dd/Build/Intermediates.noindex/PrivateVPN.build/Debug-iphoneos/PrivateVPNPacketTunnel.build/PrivateVPNPacketTunnel-all-non-framework-target-headers.hmap -Xcc -ivfsoverlay -Xcc /tmp/pvpn-dd/Build/Intermediates.noindex/PrivateVPN.build/Debug-iphoneos/PrivateVPN-3e357c95868f0b93e62acfafa95a57dd-VFS-iphoneos/all-product-headers.yaml -Xcc -iquote -Xcc /tmp/pvpn-dd/Build/Intermediates.noindex/PrivateVPN.build/Debug-iphoneos/PrivateVPNPacketTunnel.build/PrivateVPNPacketTunnel-project-headers.hmap -Xcc -I/Volumes/BIWIN/SourcesCode/PrivateVPN/Vendor/WireGuardKit/Sources/WireGuardKitC -Xcc -I/Volumes/BIWIN/SourcesCode/PrivateVPN/Vendor/WireGuardKit/Sources/WireGuardKitGo -Xcc -I/tmp/pvpn-dd/Build/Products/Debug-iphoneos/include -Xcc -I/tmp/pvpn-dd/Build/Intermediates.noindex/PrivateVPN.build/Debug-iphoneos/PrivateVPNPacketTunnel.build/DerivedSources-normal/arm64 -Xcc -I/tmp/pvpn-dd/Build/Intermediates.noindex/PrivateVPN.build/Debug-iphoneos/PrivateVPNPacketTunnel.build/DerivedSources/arm64 -Xcc -I/tmp/pvpn-dd/Build/Intermediates.noindex/PrivateVPN.build/Debug-iphoneos/PrivateVPNPacketTunnel.build/DerivedSources -Xcc -DDEBUG\=1 -emit-objc-header -emit-objc-header-path /tmp/pvpn-dd/Build/Intermediates.noindex/PrivateVPN.build/Debug-iphoneos/PrivateVPNPacketTunnel.build/Objects-normal/arm64/PrivateVPNPacketTunnel-Swift.h -working-directory /Volumes/BIWIN/SourcesCode/PrivateVPN -experimental-emit-module-separately -disable-cmo

SwiftExplicitDependencyGeneratePcm arm64 /tmp/pvpn-dd/ModuleCache.noindex/_SwiftConcurrencyShims-53CXKK6MO3UWK5UEY4AG3RUM2.pcm

SwiftExplicitDependencyGeneratePcm arm64 /tmp/pvpn-dd/ModuleCache.noindex/_Builtin_stdbool-1V9T0IDBM4YGDQ7HU2Z59N4YU.pcm

SwiftExplicitDependencyGeneratePcm arm64 /tmp/pvpn-dd/ModuleCache.noindex/_Builtin_stddef-CMHXQN1A7UXP883XEX9VXLVW0.pcm

SwiftExplicitDependencyGeneratePcm arm64 /tmp/pvpn-dd/ModuleCache.noindex/ptrauth-ETIKX1WQIS9YU2RGJAOKIFL9I.pcm

SwiftExplicitDependencyGeneratePcm arm64 /tmp/pvpn-dd/ModuleCache.noindex/SwiftShims-4A02J90SGLUC75LMLAENREZ7M.pcm

SwiftExplicitDependencyGeneratePcm arm64 /tmp/pvpn-dd/ModuleCache.noindex/ptrcheck-8LA2MO6UT57TFT83GYW3OFECJ.pcm

SwiftExplicitDependencyGeneratePcm arm64 /tmp/pvpn-dd/ModuleCache.noindex/_Builtin_float-A122J38ATCYSGY3GW3XZY6CDS.pcm

SwiftExplicitDependencyGeneratePcm arm64 /tmp/pvpn-dd/ModuleCache.noindex/_Builtin_stdarg-CNUQ4TFTNSRUCOFRX9CDD0767.pcm

SwiftExplicitDependencyGeneratePcm arm64 /tmp/pvpn-dd/ModuleCache.noindex/_AvailabilityInternal-2JY7ZAG0C2HU6M0KMC9OQJZMV.pcm

SwiftExplicitDependencyGeneratePcm arm64 /tmp/pvpn-dd/ModuleCache.noindex/_DarwinFoundation1-7X2XCWL3A6P7EJ3TCHG0HLNEJ.pcm

SwiftExplicitDependencyGeneratePcm arm64 /tmp/pvpn-dd/ModuleCache.noindex/_Builtin_limits-6WZXZ0DZLBGRWY9S5YHVJ1U6I.pcm

SwiftExplicitDependencyGeneratePcm arm64 /tmp/pvpn-dd/ModuleCache.noindex/ExtensionFoundation-6A2KFNL4HKYN1KILVH1NW31D4.pcm

SwiftExplicitDependencyGeneratePcm arm64 /tmp/pvpn-dd/ModuleCache.noindex/_DarwinFoundation2-57SPJ9K2NOZ0ZTD76UQ11L4LR.pcm

SwiftExplicitDependencyGeneratePcm arm64 /tmp/pvpn-dd/ModuleCache.noindex/_Builtin_stdint-6ZP0XID95G5E21KGI7EEOABTG.pcm

SwiftExplicitDependencyGeneratePcm arm64 /tmp/pvpn-dd/ModuleCache.noindex/sys_types-4KFJL9QUEHIU756S3HLPE6I5U.pcm

SwiftExplicitDependencyGeneratePcm arm64 /tmp/pvpn-dd/ModuleCache.noindex/_DarwinFoundation3-EHIDND4VLDK1UOLKTCBYN4VJ7.pcm

SwiftExplicitDependencyGeneratePcm arm64 /tmp/pvpn-dd/ModuleCache.noindex/_Builtin_stdatomic-F3MOT0XJD9VYOKG6QYRRV84EH.pcm

SwiftExplicitDependencyGeneratePcm arm64 /tmp/pvpn-dd/Build/Intermediates.noindex/SwiftExplicitPrecompiledModules/WireGuardKitC-BD4T5JCAN40XF0BB5U0YXTKGU.pcm

SwiftExplicitDependencyGeneratePcm arm64 /tmp/pvpn-dd/Build/Intermediates.noindex/SwiftExplicitPrecompiledModules/WireGuardKitGo-D12WBJSKUPHYSKKXES7PPQWBJ.pcm

SwiftExplicitDependencyGeneratePcm arm64 /tmp/pvpn-dd/ModuleCache.noindex/_Builtin_inttypes-CC8APM16ECN9IK9D33P3PGS8S.pcm

SwiftExplicitDependencyGeneratePcm arm64 /tmp/pvpn-dd/ModuleCache.noindex/Darwin-48HM92L9QCP9NPOH83YJV8OVS.pcm

SwiftExplicitDependencyGeneratePcm arm64 /tmp/pvpn-dd/ModuleCache.noindex/MachO-4TF8ES98PBGO7Y9AIZPVK6UB5.pcm

SwiftExplicitDependencyGeneratePcm arm64 /tmp/pvpn-dd/ModuleCache.noindex/ObjectiveC-CJ67MAORVU3B4KUU6MK47W2FL.pcm

SwiftExplicitDependencyGeneratePcm arm64 /tmp/pvpn-dd/ModuleCache.noindex/os_object-82GU4DPJN03CRVWA05NT57AOH.pcm

SwiftExplicitDependencyGeneratePcm arm64 /tmp/pvpn-dd/ModuleCache.noindex/os_workgroup-8AQN9LF6K028RAPT92E6IYCOV.pcm

SwiftExplicitDependencyGeneratePcm arm64 /tmp/pvpn-dd/ModuleCache.noindex/Dispatch-2OP82ZDRK2CYP55G9LWAA25MU.pcm

SwiftExplicitDependencyGeneratePcm arm64 /tmp/pvpn-dd/ModuleCache.noindex/XPC-98326KK523AIM7Z25LWWMBT84.pcm

SwiftExplicitDependencyGeneratePcm arm64 /tmp/pvpn-dd/ModuleCache.noindex/CoreFoundation-BS81H7G5T46ZLEXESO9X97J7V.pcm

SwiftExplicitDependencyGeneratePcm arm64 /tmp/pvpn-dd/ModuleCache.noindex/dnssd-1YT5UR7H32N8XA6ICERMOROAG.pcm

SwiftExplicitDependencyGeneratePcm arm64 /tmp/pvpn-dd/ModuleCache.noindex/os-DG4AZ86L3MNOWT7IZVUPU9P4E.pcm

SwiftExplicitDependencyGeneratePcm arm64 /tmp/pvpn-dd/ModuleCache.noindex/CFNetwork-60RIDQOEYYM8U9ECHVL4GGX7U.pcm

SwiftExplicitDependencyGeneratePcm arm64 /tmp/pvpn-dd/ModuleCache.noindex/Security-2LMX9WZPKGDASENKBFBEO5RK2.pcm

SwiftExplicitDependencyGeneratePcm arm64 /tmp/pvpn-dd/ModuleCache.noindex/Foundation-46O1NMSLX0BVPA39EODHOCUA0.pcm

SwiftExplicitDependencyGeneratePcm arm64 /tmp/pvpn-dd/ModuleCache.noindex/OSLog-DU4WTFM5364RHTOS21M6SANX8.pcm

SwiftExplicitDependencyGeneratePcm arm64 /tmp/pvpn-dd/ModuleCache.noindex/Network-CN2F0GPEQGBW40NDZMB3IMXNO.pcm

SwiftExplicitDependencyGeneratePcm arm64 /tmp/pvpn-dd/ModuleCache.noindex/NetworkExtension-59UWTOHUO64ZOUDYXL03N4JDR.pcm

SwiftEmitModule normal arm64 Emitting\ module\ for\ PrivateVPNPacketTunnel (in target 'PrivateVPNPacketTunnel' from project 'PrivateVPN')

EmitSwiftModule normal arm64 (in target 'PrivateVPNPacketTunnel' from project 'PrivateVPN')
    cd /Volumes/BIWIN/SourcesCode/PrivateVPN
    

SwiftCompile normal arm64 Compiling\ ControlAPIClient.swift /Volumes/BIWIN/SourcesCode/PrivateVPN/iOS/PrivateVPN/Services/ControlAPIClient.swift (in target 'PrivateVPNPacketTunnel' from project 'PrivateVPN')
SwiftCompile normal arm64 /Volumes/BIWIN/SourcesCode/PrivateVPN/iOS/PrivateVPN/Services/ControlAPIClient.swift (in target 'PrivateVPNPacketTunnel' from project 'PrivateVPN')
    cd /Volumes/BIWIN/SourcesCode/PrivateVPN
    

SwiftCompile normal arm64 Compiling\ WireGuardConfig.swift /Volumes/BIWIN/SourcesCode/PrivateVPN/iOS/PrivateVPN/Services/WireGuardConfig.swift (in target 'PrivateVPNPacketTunnel' from project 'PrivateVPN')
SwiftCompile normal arm64 /Volumes/BIWIN/SourcesCode/PrivateVPN/iOS/PrivateVPN/Services/WireGuardConfig.swift (in target 'PrivateVPNPacketTunnel' from project 'PrivateVPN')
    cd /Volumes/BIWIN/SourcesCode/PrivateVPN
    

SwiftCompile normal arm64 Compiling\ PacketTunnelProvider.swift /Volumes/BIWIN/SourcesCode/PrivateVPN/iOS/PrivateVPNPacketTunnel/PacketTunnelProvider.swift (in target 'PrivateVPNPacketTunnel' from project 'PrivateVPN')

SwiftCompile normal arm64 /Volumes/BIWIN/SourcesCode/PrivateVPN/iOS/PrivateVPNPacketTunnel/PacketTunnelProvider.swift (in target 'PrivateVPNPacketTunnel' from project 'PrivateVPN')
    cd /Volumes/BIWIN/SourcesCode/PrivateVPN
    

SwiftDriverJobDiscovery normal arm64 Emitting module for PrivateVPNPacketTunnel (in target 'PrivateVPNPacketTunnel' from project 'PrivateVPN')

SwiftDriver\ Compilation\ Requirements PrivateVPNPacketTunnel normal arm64 com.apple.xcode.tools.swift.compiler (in target 'PrivateVPNPacketTunnel' from project 'PrivateVPN')
    cd /Volumes/BIWIN/SourcesCode/PrivateVPN
    builtin-Swift-Compilation-Requirements -- /Applications/Xcode.app/Contents/Developer/Toolchains/XcodeDefault.xctoolchain/usr/bin/swiftc -module-name PrivateVPNPacketTunnel -Onone @/tmp/pvpn-dd/Build/Intermediates.noindex/PrivateVPN.build/Debug-iphoneos/PrivateVPNPacketTunnel.build/Objects-normal/arm64/PrivateVPNPacketTunnel.SwiftFileList -DDEBUG -enable-experimental-feature DebugDescriptionMacro -sdk /Applications/Xcode.app/Contents/Developer/Platforms/iPhoneOS.platform/Developer/SDKs/iPhoneOS26.5.sdk -target arm64-apple-ios17.0 -g -module-cache-path /tmp/pvpn-dd/ModuleCache.noindex -Xfrontend -serialize-debugging-options -application-extension -enable-testing -index-store-path /tmp/pvpn-dd/Index.noindex/DataStore -Xcc -D_LIBCPP_HARDENING_MODE\=_LIBCPP_HARDENING_MODE_DEBUG -swift-version 6 -I /tmp/pvpn-dd/Build/Products/Debug-iphoneos -F /tmp/pvpn-dd/Build/Products/Debug-iphoneos/PackageFrameworks -F /tmp/pvpn-dd/Build/Products/Debug-iphoneos/PackageFrameworks -F /tmp/pvpn-dd/Build/Products/Debug-iphoneos/PackageFrameworks -F /tmp/pvpn-dd/Build/Products/Debug-iphoneos -c -j8 -enable-batch-mode -incremental -Xcc -ivfsstatcache -Xcc /tmp/pvpn-dd/SDKStatCaches.noindex/iphoneos26.5-23F81a-32daed1954a7d5dd0789fcaf2a9bb78b.sdkstatcache -output-file-map /tmp/pvpn-dd/Build/Intermediates.noindex/PrivateVPN.build/Debug-iphoneos/PrivateVPNPacketTunnel.build/Objects-normal/arm64/PrivateVPNPacketTunnel-OutputFileMap.json -use-frontend-parseable-output -save-temps -no-color-diagnostics -explicit-module-build -module-cache-path /tmp/pvpn-dd/Build/Intermediates.noindex/SwiftExplicitPrecompiledModules -clang-scanner-module-cache-path /tmp/pvpn-dd/ModuleCache.noindex -sdk-module-cache-path /tmp/pvpn-dd/ModuleCache.noindex -serialize-diagnostics -emit-dependencies -emit-module -emit-module-path /tmp/pvpn-dd/Build/Intermediates.noindex/PrivateVPN.build/Debug-iphoneos/PrivateVPNPacketTunnel.build/Objects-normal/arm64/PrivateVPNPacketTunnel.swiftmodule -validate-clang-modules-once -clang-build-session-file /tmp/pvpn-dd/ModuleCache.noindex/Session.modulevalidation -Xcc -I/tmp/pvpn-dd/Build/Intermediates.noindex/PrivateVPN.build/Debug-iphoneos/PrivateVPNPacketTunnel.build/swift-overrides.hmap -emit-const-values -Xfrontend -const-gather-protocols-file -Xfrontend /tmp/pvpn-dd/Build/Intermediates.noindex/PrivateVPN.build/Debug-iphoneos/PrivateVPNPacketTunnel.build/Objects-normal/arm64/PrivateVPNPacketTunnel_const_extract_protocols.json -Xcc -iquote -Xcc /tmp/pvpn-dd/Build/Intermediates.noindex/PrivateVPN.build/Debug-iphoneos/PrivateVPNPacketTunnel.build/PrivateVPNPacketTunnel-generated-files.hmap -Xcc -I/tmp/pvpn-dd/Build/Intermediates.noindex/PrivateVPN.build/Debug-iphoneos/PrivateVPNPacketTunnel.build/PrivateVPNPacketTunnel-own-target-headers.hmap -Xcc -I/tmp/pvpn-dd/Build/Intermediates.noindex/PrivateVPN.build/Debug-iphoneos/PrivateVPNPacketTunnel.build/PrivateVPNPacketTunnel-all-non-framework-target-headers.hmap -Xcc -ivfsoverlay -Xcc /tmp/pvpn-dd/Build/Intermediates.noindex/PrivateVPN.build/Debug-iphoneos/PrivateVPN-3e357c95868f0b93e62acfafa95a57dd-VFS-iphoneos/all-product-headers.yaml -Xcc -iquote -Xcc /tmp/pvpn-dd/Build/Intermediates.noindex/PrivateVPN.build/Debug-iphoneos/PrivateVPNPacketTunnel.build/PrivateVPNPacketTunnel-project-headers.hmap -Xcc -I/Volumes/BIWIN/SourcesCode/PrivateVPN/Vendor/WireGuardKit/Sources/WireGuardKitC -Xcc -I/Volumes/BIWIN/SourcesCode/PrivateVPN/Vendor/WireGuardKit/Sources/WireGuardKitGo -Xcc -I/tmp/pvpn-dd/Build/Products/Debug-iphoneos/include -Xcc -I/tmp/pvpn-dd/Build/Intermediates.noindex/PrivateVPN.build/Debug-iphoneos/PrivateVPNPacketTunnel.build/DerivedSources-normal/arm64 -Xcc -I/tmp/pvpn-dd/Build/Intermediates.noindex/PrivateVPN.build/Debug-iphoneos/PrivateVPNPacketTunnel.build/DerivedSources/arm64 -Xcc -I/tmp/pvpn-dd/Build/Intermediates.noindex/PrivateVPN.build/Debug-iphoneos/PrivateVPNPacketTunnel.build/DerivedSources -Xcc -DDEBUG\=1 -emit-objc-header -emit-objc-header-path /tmp/pvpn-dd/Build/Intermediates.noindex/PrivateVPN.build/Debug-iphoneos/PrivateVPNPacketTunnel.build/Objects-normal/arm64/PrivateVPNPacketTunnel-Swift.h -working-directory /Volumes/BIWIN/SourcesCode/PrivateVPN -experimental-emit-module-separately -disable-cmo

SwiftMergeGeneratedHeaders /tmp/pvpn-dd/Build/Intermediates.noindex/PrivateVPN.build/Debug-iphoneos/PrivateVPNPacketTunnel.build/DerivedSources/PrivateVPNPacketTunnel-Swift.h /tmp/pvpn-dd/Build/Intermediates.noindex/PrivateVPN.build/Debug-iphoneos/PrivateVPNPacketTunnel.build/Objects-normal/arm64/PrivateVPNPacketTunnel-Swift.h (in target 'PrivateVPNPacketTunnel' from project 'PrivateVPN')
    cd /Volumes/BIWIN/SourcesCode/PrivateVPN
    builtin-swiftHeaderTool -arch arm64 /tmp/pvpn-dd/Build/Intermediates.noindex/PrivateVPN.build/Debug-iphoneos/PrivateVPNPacketTunnel.build/Objects-normal/arm64/PrivateVPNPacketTunnel-Swift.h -o /tmp/pvpn-dd/Build/Intermediates.noindex/PrivateVPN.build/Debug-iphoneos/PrivateVPNPacketTunnel.build/DerivedSources/PrivateVPNPacketTunnel-Swift.h

Copy /tmp/pvpn-dd/Build/Products/Debug-iphoneos/PrivateVPNPacketTunnel.swiftmodule/arm64-apple-ios.abi.json /tmp/pvpn-dd/Build/Intermediates.noindex/PrivateVPN.build/Debug-iphoneos/PrivateVPNPacketTunnel.build/Objects-normal/arm64/PrivateVPNPacketTunnel.abi.json (in target 'PrivateVPNPacketTunnel' from project 'PrivateVPN')
    cd /Volumes/BIWIN/SourcesCode/PrivateVPN
    builtin-copy -exclude .DS_Store -exclude CVS -exclude .svn -exclude .git -exclude .hg -resolve-src-symlinks -rename /tmp/pvpn-dd/Build/Intermediates.noindex/PrivateVPN.build/Debug-iphoneos/PrivateVPNPacketTunnel.build/Objects-normal/arm64/PrivateVPNPacketTunnel.abi.json /tmp/pvpn-dd/Build/Products/Debug-iphoneos/PrivateVPNPacketTunnel.swiftmodule/arm64-apple-ios.abi.json

Copy /tmp/pvpn-dd/Build/Products/Debug-iphoneos/PrivateVPNPacketTunnel.swiftmodule/arm64-apple-ios.swiftmodule /tmp/pvpn-dd/Build/Intermediates.noindex/PrivateVPN.build/Debug-iphoneos/PrivateVPNPacketTunnel.build/Objects-normal/arm64/PrivateVPNPacketTunnel.swiftmodule (in target 'PrivateVPNPacketTunnel' from project 'PrivateVPN')
    cd /Volumes/BIWIN/SourcesCode/PrivateVPN
    builtin-copy -exclude .DS_Store -exclude CVS -exclude .svn -exclude .git -exclude .hg -resolve-src-symlinks -rename /tmp/pvpn-dd/Build/Intermediates.noindex/PrivateVPN.build/Debug-iphoneos/PrivateVPNPacketTunnel.build/Objects-normal/arm64/PrivateVPNPacketTunnel.swiftmodule /tmp/pvpn-dd/Build/Products/Debug-iphoneos/PrivateVPNPacketTunnel.swiftmodule/arm64-apple-ios.swiftmodule

Copy /tmp/pvpn-dd/Build/Products/Debug-iphoneos/PrivateVPNPacketTunnel.swiftmodule/arm64-apple-ios.swiftdoc /tmp/pvpn-dd/Build/Intermediates.noindex/PrivateVPN.build/Debug-iphoneos/PrivateVPNPacketTunnel.build/Objects-normal/arm64/PrivateVPNPacketTunnel.swiftdoc (in target 'PrivateVPNPacketTunnel' from project 'PrivateVPN')
    cd /Volumes/BIWIN/SourcesCode/PrivateVPN
    builtin-copy -exclude .DS_Store -exclude CVS -exclude .svn -exclude .git -exclude .hg -resolve-src-symlinks -rename /tmp/pvpn-dd/Build/Intermediates.noindex/PrivateVPN.build/Debug-iphoneos/PrivateVPNPacketTunnel.build/Objects-normal/arm64/PrivateVPNPacketTunnel.swiftdoc /tmp/pvpn-dd/Build/Products/Debug-iphoneos/PrivateVPNPacketTunnel.swiftmodule/arm64-apple-ios.swiftdoc

Copy /tmp/pvpn-dd/Build/Products/Debug-iphoneos/PrivateVPNPacketTunnel.swiftmodule/Project/arm64-apple-ios.swiftsourceinfo /tmp/pvpn-dd/Build/Intermediates.noindex/PrivateVPN.build/Debug-iphoneos/PrivateVPNPacketTunnel.build/Objects-normal/arm64/PrivateVPNPacketTunnel.swiftsourceinfo (in target 'PrivateVPNPacketTunnel' from project 'PrivateVPN')
    cd /Volumes/BIWIN/SourcesCode/PrivateVPN
    builtin-copy -exclude .DS_Store -exclude CVS -exclude .svn -exclude .git -exclude .hg -resolve-src-symlinks -rename /tmp/pvpn-dd/Build/Intermediates.noindex/PrivateVPN.build/Debug-iphoneos/PrivateVPNPacketTunnel.build/Objects-normal/arm64/PrivateVPNPacketTunnel.swiftsourceinfo /tmp/pvpn-dd/Build/Products/Debug-iphoneos/PrivateVPNPacketTunnel.swiftmodule/Project/arm64-apple-ios.swiftsourceinfo

SwiftDriverJobDiscovery normal arm64 Compiling PacketTunnelProvider.swift (in target 'PrivateVPNPacketTunnel' from project 'PrivateVPN')

SwiftDriverJobDiscovery normal arm64 Compiling ControlAPIClient.swift (in target 'PrivateVPNPacketTunnel' from project 'PrivateVPN')

SwiftDriverJobDiscovery normal arm64 Compiling WireGuardConfig.swift (in target 'PrivateVPNPacketTunnel' from project 'PrivateVPN')

SwiftDriver\ Compilation PrivateVPNPacketTunnel normal arm64 com.apple.xcode.tools.swift.compiler (in target 'PrivateVPNPacketTunnel' from project 'PrivateVPN')
    cd /Volumes/BIWIN/SourcesCode/PrivateVPN
    builtin-Swift-Compilation -- /Applications/Xcode.app/Contents/Developer/Toolchains/XcodeDefault.xctoolchain/usr/bin/swiftc -module-name PrivateVPNPacketTunnel -Onone @/tmp/pvpn-dd/Build/Intermediates.noindex/PrivateVPN.build/Debug-iphoneos/PrivateVPNPacketTunnel.build/Objects-normal/arm64/PrivateVPNPacketTunnel.SwiftFileList -DDEBUG -enable-experimental-feature DebugDescriptionMacro -sdk /Applications/Xcode.app/Contents/Developer/Platforms/iPhoneOS.platform/Developer/SDKs/iPhoneOS26.5.sdk -target arm64-apple-ios17.0 -g -module-cache-path /tmp/pvpn-dd/ModuleCache.noindex -Xfrontend -serialize-debugging-options -application-extension -enable-testing -index-store-path /tmp/pvpn-dd/Index.noindex/DataStore -Xcc -D_LIBCPP_HARDENING_MODE\=_LIBCPP_HARDENING_MODE_DEBUG -swift-version 6 -I /tmp/pvpn-dd/Build/Products/Debug-iphoneos -F /tmp/pvpn-dd/Build/Products/Debug-iphoneos/PackageFrameworks -F /tmp/pvpn-dd/Build/Products/Debug-iphoneos/PackageFrameworks -F /tmp/pvpn-dd/Build/Products/Debug-iphoneos/PackageFrameworks -F /tmp/pvpn-dd/Build/Products/Debug-iphoneos -c -j8 -enable-batch-mode -incremental -Xcc -ivfsstatcache -Xcc /tmp/pvpn-dd/SDKStatCaches.noindex/iphoneos26.5-23F81a-32daed1954a7d5dd0789fcaf2a9bb78b.sdkstatcache -output-file-map /tmp/pvpn-dd/Build/Intermediates.noindex/PrivateVPN.build/Debug-iphoneos/PrivateVPNPacketTunnel.build/Objects-normal/arm64/PrivateVPNPacketTunnel-OutputFileMap.json -use-frontend-parseable-output -save-temps -no-color-diagnostics -explicit-module-build -module-cache-path /tmp/pvpn-dd/Build/Intermediates.noindex/SwiftExplicitPrecompiledModules -clang-scanner-module-cache-path /tmp/pvpn-dd/ModuleCache.noindex -sdk-module-cache-path /tmp/pvpn-dd/ModuleCache.noindex -serialize-diagnostics -emit-dependencies -emit-module -emit-module-path /tmp/pvpn-dd/Build/Intermediates.noindex/PrivateVPN.build/Debug-iphoneos/PrivateVPNPacketTunnel.build/Objects-normal/arm64/PrivateVPNPacketTunnel.swiftmodule -validate-clang-modules-once -clang-build-session-file /tmp/pvpn-dd/ModuleCache.noindex/Session.modulevalidation -Xcc -I/tmp/pvpn-dd/Build/Intermediates.noindex/PrivateVPN.build/Debug-iphoneos/PrivateVPNPacketTunnel.build/swift-overrides.hmap -emit-const-values -Xfrontend -const-gather-protocols-file -Xfrontend /tmp/pvpn-dd/Build/Intermediates.noindex/PrivateVPN.build/Debug-iphoneos/PrivateVPNPacketTunnel.build/Objects-normal/arm64/PrivateVPNPacketTunnel_const_extract_protocols.json -Xcc -iquote -Xcc /tmp/pvpn-dd/Build/Intermediates.noindex/PrivateVPN.build/Debug-iphoneos/PrivateVPNPacketTunnel.build/PrivateVPNPacketTunnel-generated-files.hmap -Xcc -I/tmp/pvpn-dd/Build/Intermediates.noindex/PrivateVPN.build/Debug-iphoneos/PrivateVPNPacketTunnel.build/PrivateVPNPacketTunnel-own-target-headers.hmap -Xcc -I/tmp/pvpn-dd/Build/Intermediates.noindex/PrivateVPN.build/Debug-iphoneos/PrivateVPNPacketTunnel.build/PrivateVPNPacketTunnel-all-non-framework-target-headers.hmap -Xcc -ivfsoverlay -Xcc /tmp/pvpn-dd/Build/Intermediates.noindex/PrivateVPN.build/Debug-iphoneos/PrivateVPN-3e357c95868f0b93e62acfafa95a57dd-VFS-iphoneos/all-product-headers.yaml -Xcc -iquote -Xcc /tmp/pvpn-dd/Build/Intermediates.noindex/PrivateVPN.build/Debug-iphoneos/PrivateVPNPacketTunnel.build/PrivateVPNPacketTunnel-project-headers.hmap -Xcc -I/Volumes/BIWIN/SourcesCode/PrivateVPN/Vendor/WireGuardKit/Sources/WireGuardKitC -Xcc -I/Volumes/BIWIN/SourcesCode/PrivateVPN/Vendor/WireGuardKit/Sources/WireGuardKitGo -Xcc -I/tmp/pvpn-dd/Build/Products/Debug-iphoneos/include -Xcc -I/tmp/pvpn-dd/Build/Intermediates.noindex/PrivateVPN.build/Debug-iphoneos/PrivateVPNPacketTunnel.build/DerivedSources-normal/arm64 -Xcc -I/tmp/pvpn-dd/Build/Intermediates.noindex/PrivateVPN.build/Debug-iphoneos/PrivateVPNPacketTunnel.build/DerivedSources/arm64 -Xcc -I/tmp/pvpn-dd/Build/Intermediates.noindex/PrivateVPN.build/Debug-iphoneos/PrivateVPNPacketTunnel.build/DerivedSources -Xcc -DDEBUG\=1 -emit-objc-header -emit-objc-header-path /tmp/pvpn-dd/Build/Intermediates.noindex/PrivateVPN.build/Debug-iphoneos/PrivateVPNPacketTunnel.build/Objects-normal/arm64/PrivateVPNPacketTunnel-Swift.h -working-directory /Volumes/BIWIN/SourcesCode/PrivateVPN -experimental-emit-module-separately -disable-cmo

Ld /tmp/pvpn-dd/Build/Products/Debug-iphoneos/PrivateVPNPacketTunnel.appex/PrivateVPNPacketTunnel.debug.dylib normal (in target 'PrivateVPNPacketTunnel' from project 'PrivateVPN')
    cd /Volumes/BIWIN/SourcesCode/PrivateVPN
    /Applications/Xcode.app/Contents/Developer/Toolchains/XcodeDefault.xctoolchain/usr/bin/clang -Xlinker -reproducible -target arm64-apple-ios17.0 -dynamiclib -isysroot /Applications/Xcode.app/Contents/Developer/Platforms/iPhoneOS.platform/Developer/SDKs/iPhoneOS26.5.sdk -O0 -L/tmp/pvpn-dd/Build/Intermediates.noindex/EagerLinkingTBDs/Debug-iphoneos -L/tmp/pvpn-dd/Build/Products/Debug-iphoneos -L/tmp/pvpn-dd/Build/Intermediates.noindex/PrivateVPN.build/Debug-iphoneos/PrivateVPNPacketTunnel.build/DerivedSources/wg -F/tmp/pvpn-dd/Build/Intermediates.noindex/EagerLinkingTBDs/Debug-iphoneos -F/tmp/pvpn-dd/Build/Products/Debug-iphoneos/PackageFrameworks -F/tmp/pvpn-dd/Build/Products/Debug-iphoneos/PackageFrameworks -F/tmp/pvpn-dd/Build/Products/Debug-iphoneos/PackageFrameworks -F/tmp/pvpn-dd/Build/Products/Debug-iphoneos -filelist /tmp/pvpn-dd/Build/Intermediates.noindex/PrivateVPN.build/Debug-iphoneos/PrivateVPNPacketTunnel.build/Objects-normal/arm64/PrivateVPNPacketTunnel.LinkFileList -install_name @rpath/PrivateVPNPacketTunnel.debug.dylib -Xlinker -rpath -Xlinker /usr/lib/swift -Xlinker -rpath -Xlinker /tmp/pvpn-dd/Build/Products/Debug-iphoneos/PackageFrameworks -Xlinker -rpath -Xlinker @executable_path/Frameworks -Xlinker -rpath -Xlinker @executable_path/../../Frameworks -Xlinker -dead_strip -Xlinker -object_path_lto -Xlinker /tmp/pvpn-dd/Build/Intermediates.noindex/PrivateVPN.build/Debug-iphoneos/PrivateVPNPacketTunnel.build/Objects-normal/arm64/PrivateVPNPacketTunnel_lto.o -rdynamic -Xlinker -no_deduplicate -Xlinker -dependency_info -Xlinker /tmp/pvpn-dd/Build/Intermediates.noindex/PrivateVPN.build/Debug-iphoneos/PrivateVPNPacketTunnel.build/Objects-normal/arm64/PrivateVPNPacketTunnel_dependency_info.dat -fapplication-extension -fobjc-link-runtime -L/Applications/Xcode.app/Contents/Developer/Toolchains/XcodeDefault.xctoolchain/usr/lib/swift/iphoneos -L/usr/lib/swift -Xlinker -add_ast_path -Xlinker /tmp/pvpn-dd/Build/Intermediates.noindex/PrivateVPN.build/Debug-iphoneos/PrivateVPNPacketTunnel.build/Objects-normal/arm64/PrivateVPNPacketTunnel.swiftmodule @/tmp/pvpn-dd/Build/Intermediates.noindex/PrivateVPN.build/Debug-iphoneos/PrivateVPNPacketTunnel.build/Objects-normal/arm64/PrivateVPNPacketTunnel-linker-args.resp -Wl,-no_warn_duplicate_libraries -Wl,-no_warn_duplicate_libraries -Wl,-no_warn_duplicate_libraries -lwg-go -Xlinker -alias -Xlinker _NSExtensionMain -Xlinker ___debug_main_executable_dylib_entry_point -o /tmp/pvpn-dd/Build/Products/Debug-iphoneos/PrivateVPNPacketTunnel.appex/PrivateVPNPacketTunnel.debug.dylib -Xlinker -add_ast_path -Xlinker /tmp/pvpn-dd/Build/Intermediates.noindex/WireGuardKit.build/Debug-iphoneos/WireGuardKit.build/Objects-normal/arm64/WireGuardKit.swiftmodule @/tmp/pvpn-dd/Build/Intermediates.noindex/WireGuardKit.build/Debug-iphoneos/WireGuardKit.build/Objects-normal/arm64/WireGuardKit-linker-args.resp

ConstructStubExecutorLinkFileList /tmp/pvpn-dd/Build/Intermediates.noindex/PrivateVPN.build/Debug-iphoneos/PrivateVPNPacketTunnel.build/PrivateVPNPacketTunnel-ExecutorLinkFileList-normal-arm64.txt (in target 'PrivateVPNPacketTunnel' from project 'PrivateVPN')
    cd /Volumes/BIWIN/SourcesCode/PrivateVPN
    construct-stub-executor-link-file-list /tmp/pvpn-dd/Build/Products/Debug-iphoneos/PrivateVPNPacketTunnel.appex/PrivateVPNPacketTunnel.debug.dylib /Applications/Xcode.app/Contents/Developer/Platforms/iPhoneOS.platform/Developer/usr/lib/libPreviewsJITStubExecutor_no_swift_entry_point.a /Applications/Xcode.app/Contents/Developer/Platforms/iPhoneOS.platform/Developer/usr/lib/libPreviewsJITStubExecutor.a --output /tmp/pvpn-dd/Build/Intermediates.noindex/PrivateVPN.build/Debug-iphoneos/PrivateVPNPacketTunnel.build/PrivateVPNPacketTunnel-ExecutorLinkFileList-normal-arm64.txt
note: Using stub executor library without Swift entry point. (in target 'PrivateVPNPacketTunnel' from project 'PrivateVPN')

Ld /tmp/pvpn-dd/Build/Products/Debug-iphoneos/PrivateVPNPacketTunnel.appex/PrivateVPNPacketTunnel normal (in target 'PrivateVPNPacketTunnel' from project 'PrivateVPN')
    cd /Volumes/BIWIN/SourcesCode/PrivateVPN
    /Applications/Xcode.app/Contents/Developer/Toolchains/XcodeDefault.xctoolchain/usr/bin/clang -Xlinker -reproducible -target arm64-apple-ios17.0 -isysroot /Applications/Xcode.app/Contents/Developer/Platforms/iPhoneOS.platform/Developer/SDKs/iPhoneOS26.5.sdk -O0 -L/tmp/pvpn-dd/Build/Products/Debug-iphoneos -L/tmp/pvpn-dd/Build/Intermediates.noindex/PrivateVPN.build/Debug-iphoneos/PrivateVPNPacketTunnel.build/DerivedSources/wg -F/tmp/pvpn-dd/Build/Products/Debug-iphoneos/PackageFrameworks -F/tmp/pvpn-dd/Build/Products/Debug-iphoneos/PackageFrameworks -F/tmp/pvpn-dd/Build/Products/Debug-iphoneos/PackageFrameworks -F/tmp/pvpn-dd/Build/Products/Debug-iphoneos -Xlinker -rpath -Xlinker @executable_path -Xlinker -rpath -Xlinker /tmp/pvpn-dd/Build/Products/Debug-iphoneos/PackageFrameworks -Xlinker -rpath -Xlinker @executable_path/Frameworks -Xlinker -rpath -Xlinker @executable_path/../../Frameworks -rdynamic -Xlinker -no_deduplicate -e ___debug_blank_executor_main -Xlinker -sectcreate -Xlinker __TEXT -Xlinker __debug_dylib -Xlinker /tmp/pvpn-dd/Build/Intermediates.noindex/PrivateVPN.build/Debug-iphoneos/PrivateVPNPacketTunnel.build/PrivateVPNPacketTunnel-DebugDylibPath-normal-arm64.txt -Xlinker -sectcreate -Xlinker __TEXT -Xlinker __debug_entry -Xlinker /tmp/pvpn-dd/Build/Intermediates.noindex/PrivateVPN.build/Debug-iphoneos/PrivateVPNPacketTunnel.build/PrivateVPNPacketTunnel-DebugEntryPoint-normal-arm64.txt -Xlinker -sectcreate -Xlinker __TEXT -Xlinker __debug_instlnm -Xlinker /tmp/pvpn-dd/Build/Intermediates.noindex/PrivateVPN.build/Debug-iphoneos/PrivateVPNPacketTunnel.build/PrivateVPNPacketTunnel-DebugDylibInstallName-normal-arm64.txt -Xlinker -filelist -Xlinker /tmp/pvpn-dd/Build/Intermediates.noindex/PrivateVPN.build/Debug-iphoneos/PrivateVPNPacketTunnel.build/PrivateVPNPacketTunnel-ExecutorLinkFileList-normal-arm64.txt /tmp/pvpn-dd/Build/Products/Debug-iphoneos/PrivateVPNPacketTunnel.appex/PrivateVPNPacketTunnel.debug.dylib -o /tmp/pvpn-dd/Build/Products/Debug-iphoneos/PrivateVPNPacketTunnel.appex/PrivateVPNPacketTunnel

ExtractAppIntentsMetadata (in target 'PrivateVPNPacketTunnel' from project 'PrivateVPN')
    cd /Volumes/BIWIN/SourcesCode/PrivateVPN
    /Applications/Xcode.app/Contents/Developer/Toolchains/XcodeDefault.xctoolchain/usr/bin/appintentsmetadataprocessor --toolchain-dir /Applications/Xcode.app/Contents/Developer/Toolchains/XcodeDefault.xctoolchain --module-name PrivateVPNPacketTunnel --sdk-root /Applications/Xcode.app/Contents/Developer/Platforms/iPhoneOS.platform/Developer/SDKs/iPhoneOS26.5.sdk --xcode-version 17F113 --platform-family iOS --deployment-target 17.0 --bundle-identifier com.privatevpn.app.packet-tunnel --output /tmp/pvpn-dd/Build/Products/Debug-iphoneos/PrivateVPNPacketTunnel.appex --target-triple arm64-apple-ios17.0 --binary-file /tmp/pvpn-dd/Build/Products/Debug-iphoneos/PrivateVPNPacketTunnel.appex/PrivateVPNPacketTunnel --dependency-file /tmp/pvpn-dd/Build/Intermediates.noindex/PrivateVPN.build/Debug-iphoneos/PrivateVPNPacketTunnel.build/Objects-normal/arm64/PrivateVPNPacketTunnel_dependency_info.dat --stringsdata-file /tmp/pvpn-dd/Build/Intermediates.noindex/PrivateVPN.build/Debug-iphoneos/PrivateVPNPacketTunnel.build/Objects-normal/arm64/ExtractedAppShortcutsMetadata.stringsdata --source-file-list /tmp/pvpn-dd/Build/Intermediates.noindex/PrivateVPN.build/Debug-iphoneos/PrivateVPNPacketTunnel.build/Objects-normal/arm64/PrivateVPNPacketTunnel.SwiftFileList --metadata-file-list /tmp/pvpn-dd/Build/Intermediates.noindex/PrivateVPN.build/Debug-iphoneos/PrivateVPNPacketTunnel.build/PrivateVPNPacketTunnel.DependencyMetadataFileList --static-metadata-file-list /tmp/pvpn-dd/Build/Intermediates.noindex/PrivateVPN.build/Debug-iphoneos/PrivateVPNPacketTunnel.build/PrivateVPNPacketTunnel.DependencyStaticMetadataFileList --swift-const-vals-list /tmp/pvpn-dd/Build/Intermediates.noindex/PrivateVPN.build/Debug-iphoneos/PrivateVPNPacketTunnel.build/Objects-normal/arm64/PrivateVPNPacketTunnel.SwiftConstValuesFileList --compile-time-extraction --deployment-aware-processing --validate-assistant-intents --no-app-shortcuts-localization
2026-08-19 20:02:30.136 appintentsmetadataprocessor[35931:324101] Starting appintentsmetadataprocessor export
2026-08-19 20:02:30.143 appintentsmetadataprocessor[35931:324101] warning: Metadata extraction skipped. No AppIntents.framework dependency found.

AppIntentsSSUTraining (in target 'PrivateVPNPacketTunnel' from project 'PrivateVPN')
    cd /Volumes/BIWIN/SourcesCode/PrivateVPN
    /Applications/Xcode.app/Contents/Developer/Toolchains/XcodeDefault.xctoolchain/usr/bin/appintentsnltrainingprocessor --infoplist-path /tmp/pvpn-dd/Build/Products/Debug-iphoneos/PrivateVPNPacketTunnel.appex/Info.plist --temp-dir-path /tmp/pvpn-dd/Build/Intermediates.noindex/PrivateVPN.build/Debug-iphoneos/PrivateVPNPacketTunnel.build/ssu --bundle-id com.privatevpn.app.packet-tunnel --product-path /tmp/pvpn-dd/Build/Products/Debug-iphoneos/PrivateVPNPacketTunnel.appex --extracted-metadata-path /tmp/pvpn-dd/Build/Products/Debug-iphoneos/PrivateVPNPacketTunnel.appex/Metadata.appintents --metadata-file-list /tmp/pvpn-dd/Build/Intermediates.noindex/PrivateVPN.build/Debug-iphoneos/PrivateVPNPacketTunnel.build/PrivateVPNPacketTunnel.DependencyMetadataFileList --source-file /tmp/pvpn-dd/Build/Products/Debug-iphoneos/PrivateVPNPacketTunnel.appex/Info.plist --archive-ssu-assets
2026-08-19 20:02:30.196 appintentsnltrainingprocessor[35936:324111] Parsing options for appintentsnltrainingprocessor
2026-08-19 20:02:30.198 appintentsnltrainingprocessor[35936:324111] Starting AppIntents SSU YAML Generation
2026-08-19 20:02:30.201 appintentsnltrainingprocessor[35936:324111] No AppShortcuts found - Skipping.

RegisterExecutionPolicyException /tmp/pvpn-dd/Build/Products/Debug-iphoneos/PrivateVPNPacketTunnel.appex (in target 'PrivateVPNPacketTunnel' from project 'PrivateVPN')
    cd /Volumes/BIWIN/SourcesCode/PrivateVPN
    builtin-RegisterExecutionPolicyException /tmp/pvpn-dd/Build/Products/Debug-iphoneos/PrivateVPNPacketTunnel.appex

Touch /tmp/pvpn-dd/Build/Products/Debug-iphoneos/PrivateVPNPacketTunnel.appex (in target 'PrivateVPNPacketTunnel' from project 'PrivateVPN')
    cd /Volumes/BIWIN/SourcesCode/PrivateVPN
    /usr/bin/touch -c /tmp/pvpn-dd/Build/Products/Debug-iphoneos/PrivateVPNPacketTunnel.appex

PhaseScriptExecution Build\ wireguard-go /tmp/pvpn-dd/Build/Intermediates.noindex/PrivateVPN.build/Debug-iphoneos/PrivateVPN.build/Script-59BA6819AF085081FBC84247.sh (in target 'PrivateVPN' from project 'PrivateVPN')
    cd /Volumes/BIWIN/SourcesCode/PrivateVPN
    export ACTION\=build
    export AD_HOC_CODE_SIGNING_ALLOWED\=NO
    export AGGREGATE_TRACKED_DOMAINS\=YES
    export ALLOW_BUILD_REQUEST_OVERRIDES\=NO
    export ALLOW_TARGET_PLATFORM_SPECIALIZATION\=NO
    export ALTERNATE_GROUP\=staff
    export ALTERNATE_MODE\=u+w,go-w,a+rX
    export ALTERNATE_OWNER\=minhnguyen
    export ALTERNATIVE_DISTRIBUTION_WEB\=NO
    export ALWAYS_EMBED_SWIFT_STANDARD_LIBRARIES\=NO
    export ALWAYS_SEARCH_USER_PATHS\=NO
    export ALWAYS_USE_SEPARATE_HEADERMAPS\=NO
    export APPLICATION_EXTENSION_API_ONLY\=NO
    export APPLY_RULES_IN_COPY_FILES\=NO
    export APPLY_RULES_IN_COPY_HEADERS\=NO
    export APP_SHORTCUTS_ENABLE_FLEXIBLE_MATCHING\=YES
    export ARCHS\=arm64
    export ARCHS_BASE\=arm64
    export ARCHS_STANDARD\=arm64
    export ARCHS_STANDARD_32_64_BIT\=armv7\ arm64
    export ARCHS_STANDARD_32_BIT\=armv7
    export ARCHS_STANDARD_64_BIT\=arm64
    export ARCHS_STANDARD_INCLUDING_64_BIT\=arm64
    export ARCHS_UNIVERSAL_IPHONE_OS\=armv7\ arm64
    export AUTOMATICALLY_MERGE_DEPENDENCIES\=NO
    export AUTOMATION_APPLE_EVENTS\=NO
    export AVAILABLE_PLATFORMS\=android\ appletvos\ appletvsimulator\ driverkit\ freebsd\ iphoneos\ iphonesimulator\ linux\ macosx\ none\ openbsd\ qnx\ watchos\ watchsimulator\ webassembly\ xros\ xrsimulator
    export BUILD_ACTIVE_RESOURCES_ONLY\=NO
    export BUILD_COMPONENTS\=headers\ build
    export BUILD_DIR\=/tmp/pvpn-dd/Build/Products
    export BUILD_LIBRARY_FOR_DISTRIBUTION\=NO
    export BUILD_ONLY_KNOWN_LOCALIZATIONS\=NO
    export BUILD_ROOT\=/tmp/pvpn-dd/Build/Products
    export BUILD_STYLE\=
    export BUILD_VARIANTS\=normal
    export BUILT_PRODUCTS_DIR\=/tmp/pvpn-dd/Build/Products/Debug-iphoneos
    export BUNDLE_CONTENTS_FOLDER_PATH_deep\=Contents/
    export BUNDLE_EXECUTABLE_FOLDER_NAME_deep\=MacOS
    export BUNDLE_EXTENSIONS_FOLDER_PATH\=Extensions
    export BUNDLE_FORMAT\=shallow
    export BUNDLE_FRAMEWORKS_FOLDER_PATH\=Frameworks
    export BUNDLE_PLUGINS_FOLDER_PATH\=PlugIns
    export BUNDLE_PRIVATE_HEADERS_FOLDER_PATH\=PrivateHeaders
    export BUNDLE_PUBLIC_HEADERS_FOLDER_PATH\=Headers
    export CACHE_ROOT\=/var/folders/p4/s2ssgbyx0_3gm841rc201y3c0000gn/C/com.apple.DeveloperTools/26.6-17F113/Xcode
    export CCHROOT\=/var/folders/p4/s2ssgbyx0_3gm841rc201y3c0000gn/C/com.apple.DeveloperTools/26.6-17F113/Xcode
    export CHMOD\=/bin/chmod
    export CHOWN\=chown
    export CLANG_ANALYZER_NONNULL\=YES
    export CLANG_ANALYZER_NUMBER_OBJECT_CONVERSION\=YES_AGGRESSIVE
    export CLANG_CACHE_FINE_GRAINED_OUTPUTS\=YES
    export CLANG_CXX_LANGUAGE_STANDARD\=gnu++14
    export CLANG_CXX_LIBRARY\=libc++
    export CLANG_ENABLE_EXPLICIT_MODULES\=YES
    export CLANG_ENABLE_MODULES\=YES
    export CLANG_ENABLE_OBJC_ARC\=YES
    export CLANG_ENABLE_OBJC_WEAK\=YES
    export CLANG_MODULES_BUILD_SESSION_FILE\=/tmp/pvpn-dd/ModuleCache.noindex/Session.modulevalidation
    export CLANG_WARN_BLOCK_CAPTURE_AUTORELEASING\=YES
    export CLANG_WARN_BOOL_CONVERSION\=YES
    export CLANG_WARN_COMMA\=YES
    export CLANG_WARN_CONSTANT_CONVERSION\=YES
    export CLANG_WARN_DEPRECATED_OBJC_IMPLEMENTATIONS\=YES
    export CLANG_WARN_DIRECT_OBJC_ISA_USAGE\=YES_ERROR
    export CLANG_WARN_DOCUMENTATION_COMMENTS\=YES
    export CLANG_WARN_EMPTY_BODY\=YES
    export CLANG_WARN_ENUM_CONVERSION\=YES
    export CLANG_WARN_INFINITE_RECURSION\=YES
    export CLANG_WARN_INT_CONVERSION\=YES
    export CLANG_WARN_NON_LITERAL_NULL_CONVERSION\=YES
    export CLANG_WARN_OBJC_IMPLICIT_RETAIN_SELF\=YES
    export CLANG_WARN_OBJC_LITERAL_CONVERSION\=YES
    export CLANG_WARN_OBJC_ROOT_CLASS\=YES_ERROR
    export CLANG_WARN_QUOTED_INCLUDE_IN_FRAMEWORK_HEADER\=YES
    export CLANG_WARN_RANGE_LOOP_ANALYSIS\=YES
    export CLANG_WARN_STRICT_PROTOTYPES\=YES
    export CLANG_WARN_SUSPICIOUS_MOVE\=YES
    export CLANG_WARN_UNGUARDED_AVAILABILITY\=YES_AGGRESSIVE
    export CLANG_WARN_UNREACHABLE_CODE\=YES
    export CLANG_WARN__DUPLICATE_METHOD_MATCH\=YES
    export CLASS_FILE_DIR\=/tmp/pvpn-dd/Build/Intermediates.noindex/PrivateVPN.build/Debug-iphoneos/PrivateVPN.build/JavaClasses
    export CLEAN_PRECOMPS\=YES
    export CLONE_HEADERS\=NO
    export CODESIGNING_FOLDER_PATH\=/tmp/pvpn-dd/Build/Products/Debug-iphoneos/PrivateVPN.app
    export CODE_SIGNING_ALLOWED\=NO
    export CODE_SIGNING_REQUIRED\=YES
    export CODE_SIGN_CONTEXT_CLASS\=XCiPhoneOSCodeSignContext
    export CODE_SIGN_ENTITLEMENTS\=iOS/PrivateVPN/PrivateVPN.entitlements
    export CODE_SIGN_IDENTITY\=iPhone\ Developer
    export CODE_SIGN_INJECT_BASE_ENTITLEMENTS\=YES
    export CODE_SIGN_STYLE\=Automatic
    export COLOR_DIAGNOSTICS\=NO
    export COMBINE_HIDPI_IMAGES\=NO
    export COMPILATION_CACHE_CAS_PATH\=/Volumes/BIWIN/AppBuild/CompilationCache.noindex/CompilationCache.noindex/CompilationCache.noindex/CompilationCache.noindex/CompilationCache.noindex
    export COMPILATION_CACHE_KEEP_CAS_DIRECTORY\=YES
    export COMPILER_INDEX_STORE_ENABLE\=Default
    export COMPOSITE_SDK_DIRS\=/tmp/pvpn-dd/Build/Intermediates.noindex/CompositeSDKs
    export COMPRESS_PNG_FILES\=YES
    export CONFIGURATION\=Debug
    export CONFIGURATION_BUILD_DIR\=/tmp/pvpn-dd/Build/Products/Debug-iphoneos
    export CONFIGURATION_TEMP_DIR\=/tmp/pvpn-dd/Build/Intermediates.noindex/PrivateVPN.build/Debug-iphoneos
    export CONTENTS_FOLDER_PATH\=PrivateVPN.app
    export CONTENTS_FOLDER_PATH_SHALLOW_BUNDLE_NO\=PrivateVPN.app/Contents
    export CONTENTS_FOLDER_PATH_SHALLOW_BUNDLE_YES\=PrivateVPN.app
    export COPYING_PRESERVES_HFS_DATA\=NO
    export COPY_HEADERS_RUN_UNIFDEF\=NO
    export COPY_PHASE_STRIP\=NO
    export CORRESPONDING_SIMULATOR_PLATFORM_DIR\=/Applications/Xcode.app/Contents/Developer/Platforms/iPhoneSimulator.platform
    export CORRESPONDING_SIMULATOR_PLATFORM_NAME\=iphonesimulator
    export CORRESPONDING_SIMULATOR_SDK_DIR\=/Applications/Xcode.app/Contents/Developer/Platforms/iPhoneSimulator.platform/Developer/SDKs/iPhoneSimulator26.5.sdk
    export CORRESPONDING_SIMULATOR_SDK_NAME\=iphonesimulator26.5
    export CP\=/bin/cp
    export CREATE_INFOPLIST_SECTION_IN_BINARY\=NO
    export CURRENT_ARCH\=undefined_arch
    export CURRENT_VARIANT\=normal
    export DEAD_CODE_STRIPPING\=YES
    export DEBUGGING_SYMBOLS\=YES
    export DEBUG_INFORMATION_FORMAT\=dwarf
    export DEBUG_INFORMATION_VERSION\=compiler-default
    export DEFAULT_COMPILER\=com.apple.compilers.llvm.clang.1_0
    export DEFAULT_DEXT_INSTALL_PATH\=/System/Library/DriverExtensions
    export DEFAULT_KEXT_INSTALL_PATH\=/System/Library/Extensions
    export DEFINES_MODULE\=NO
    export DEPLOYMENT_LOCATION\=NO
    export DEPLOYMENT_POSTPROCESSING\=NO
    export DEPLOYMENT_TARGET_SETTING_NAME\=IPHONEOS_DEPLOYMENT_TARGET
    export DEPLOYMENT_TARGET_SUGGESTED_VALUES\=12.0\ 12.1\ 12.2\ 12.3\ 12.4\ 13.0\ 13.1\ 13.2\ 13.3\ 13.4\ 13.5\ 13.6\ 14.0\ 14.1\ 14.2\ 14.3\ 14.4\ 14.5\ 14.6\ 14.7\ 15.0\ 15.1\ 15.2\ 15.3\ 15.4\ 15.5\ 15.6\ 16.0\ 16.1\ 16.2\ 16.3\ 16.4\ 16.5\ 16.6\ 17.0\ 17.1\ 17.2\ 17.3\ 17.4\ 17.5\ 17.6\ 18.0\ 18.1\ 18.2\ 18.3\ 18.4\ 18.5\ 18.6\ 26.0\ 26.2\ 26.3\ 26.4\ 26.5
    export DERIVED_FILES_DIR\=/tmp/pvpn-dd/Build/Intermediates.noindex/PrivateVPN.build/Debug-iphoneos/PrivateVPN.build/DerivedSources
    export DERIVED_FILE_DIR\=/tmp/pvpn-dd/Build/Intermediates.noindex/PrivateVPN.build/Debug-iphoneos/PrivateVPN.build/DerivedSources
    export DERIVED_SOURCES_DIR\=/tmp/pvpn-dd/Build/Intermediates.noindex/PrivateVPN.build/Debug-iphoneos/PrivateVPN.build/DerivedSources
    export DERIVE_MACCATALYST_PRODUCT_BUNDLE_IDENTIFIER\=NO
    export DEVELOPER_APPLICATIONS_DIR\=/Applications/Xcode.app/Contents/Developer/Applications
    export DEVELOPER_BIN_DIR\=/Applications/Xcode.app/Contents/Developer/usr/bin
    export DEVELOPER_DIR\=/Applications/Xcode.app/Contents/Developer
    export DEVELOPER_FRAMEWORKS_DIR\=/Applications/Xcode.app/Contents/Developer/Library/Frameworks
    export DEVELOPER_FRAMEWORKS_DIR_QUOTED\=/Applications/Xcode.app/Contents/Developer/Library/Frameworks
    export DEVELOPER_LIBRARY_DIR\=/Applications/Xcode.app/Contents/Developer/Library
    export DEVELOPER_SDK_DIR\=/Applications/Xcode.app/Contents/Developer/Platforms/MacOSX.platform/Developer/SDKs
    export DEVELOPER_TOOLS_DIR\=/Applications/Xcode.app/Contents/Developer/Tools
    export DEVELOPER_USR_DIR\=/Applications/Xcode.app/Contents/Developer/usr
    export DEVELOPMENT_LANGUAGE\=en
    export DEVELOPMENT_TEAM\=G6XW3RN6LJ
    export DIAGNOSE_MISSING_TARGET_DEPENDENCIES\=YES
    export DIFF\=/usr/bin/diff
    export DOCUMENTATION_FOLDER_PATH\=PrivateVPN.app/en.lproj/Documentation
    export DONT_GENERATE_INFOPLIST_FILE\=NO
    export DSTROOT\=/tmp/PrivateVPN.dst
    export DT_TOOLCHAIN_DIR\=/Applications/Xcode.app/Contents/Developer/Toolchains/XcodeDefault.xctoolchain
    export DUMP_DEPENDENCIES\=NO
    export DUMP_DEPENDENCIES_OUTPUT_PATH\=/tmp/pvpn-dd/Build/Intermediates.noindex/PrivateVPN.build/Debug-iphoneos/PrivateVPN.build/PrivateVPN-BuildDependencyInfo.json
    export DWARF_DSYM_FILE_NAME\=PrivateVPN.app.dSYM
    export DWARF_DSYM_FILE_SHOULD_ACCOMPANY_PRODUCT\=NO
    export DWARF_DSYM_FOLDER_PATH\=/tmp/pvpn-dd/Build/Products/Debug-iphoneos
    export DYNAMIC_LIBRARY_EXTENSION\=dylib
    export EAGER_COMPILATION_ALLOW_SCRIPTS\=NO
    export EAGER_LINKING\=NO
    export EFFECTIVE_PLATFORM_NAME\=-iphoneos
    export EFFECTIVE_SWIFT_VERSION\=6
    export EMBEDDED_CONTENT_CONTAINS_SWIFT\=NO
    export EMBEDDED_PROFILE_NAME\=embedded.mobileprovision
    export EMBED_ASSET_PACKS_IN_PRODUCT_BUNDLE\=NO
    export ENABLE_APP_SANDBOX\=NO
    export ENABLE_CODE_COVERAGE\=YES
    export ENABLE_COHORT_ARCHS\=NO
    export ENABLE_CPLUSPLUS_BOUNDS_SAFE_BUFFERS\=NO
    export ENABLE_C_BOUNDS_SAFETY\=NO
    export ENABLE_DEBUG_DYLIB\=YES
    export ENABLE_DEFAULT_HEADER_SEARCH_PATHS\=YES
    export ENABLE_DEFAULT_SEARCH_PATHS\=YES
    export ENABLE_ENHANCED_SECURITY\=NO
    export ENABLE_HARDENED_RUNTIME\=NO
    export ENABLE_HEADER_DEPENDENCIES\=YES
    export ENABLE_INCOMING_NETWORK_CONNECTIONS\=NO
    export ENABLE_ON_DEMAND_RESOURCES\=YES
    export ENABLE_OUTGOING_NETWORK_CONNECTIONS\=NO
    export ENABLE_POINTER_AUTHENTICATION\=NO
    export ENABLE_PREVIEWS\=NO
    export ENABLE_RESOURCE_ACCESS_AUDIO_INPUT\=NO
    export ENABLE_RESOURCE_ACCESS_BLUETOOTH\=NO
    export ENABLE_RESOURCE_ACCESS_CALENDARS\=NO
    export ENABLE_RESOURCE_ACCESS_CAMERA\=NO
    export ENABLE_RESOURCE_ACCESS_CONTACTS\=NO
    export ENABLE_RESOURCE_ACCESS_LOCATION\=NO
    export ENABLE_RESOURCE_ACCESS_PHOTO_LIBRARY\=NO
    export ENABLE_RESOURCE_ACCESS_PRINTING\=NO
    export ENABLE_RESOURCE_ACCESS_USB\=NO
    export ENABLE_SDK_IMPORTS\=NO
    export ENABLE_SECURITY_COMPILER_WARNINGS\=NO
    export ENABLE_STRICT_OBJC_MSGSEND\=YES
    export ENABLE_TESTABILITY\=YES
    export ENABLE_TESTING_SEARCH_PATHS\=NO
    export ENABLE_USER_SCRIPT_SANDBOXING\=NO
    export ENABLE_XOJIT_PREVIEWS\=YES
    export ENFORCE_VALID_ARCHS\=YES
    export ENTITLEMENTS_ALLOWED\=YES
    export ENTITLEMENTS_DESTINATION\=Signature
    export ENTITLEMENTS_REQUIRED\=NO
    export EXCLUDED_INSTALLSRC_SUBDIRECTORY_PATTERNS\=.DS_Store\ .svn\ .git\ .hg\ CVS
    export EXCLUDED_RECURSIVE_SEARCH_PATH_SUBDIRECTORIES\=\*.nib\ \*.lproj\ \*.framework\ \*.gch\ \*.xcode\*\ \*.xcassets\ \*.icon\ \(\*\)\ .DS_Store\ CVS\ .svn\ .git\ .hg\ \*.pbproj\ \*.pbxproj
    export EXECUTABLES_FOLDER_PATH\=PrivateVPN.app/Executables
    export EXECUTABLE_BLANK_INJECTION_DYLIB_PATH\=PrivateVPN.app/__preview.dylib
    export EXECUTABLE_DEBUG_DYLIB_INSTALL_NAME\=@rpath/PrivateVPN.debug.dylib
    export EXECUTABLE_DEBUG_DYLIB_PATH\=PrivateVPN.app/PrivateVPN.debug.dylib
    export EXECUTABLE_FOLDER_PATH\=PrivateVPN.app
    export EXECUTABLE_FOLDER_PATH_SHALLOW_BUNDLE_NO\=PrivateVPN.app/MacOS
    export EXECUTABLE_FOLDER_PATH_SHALLOW_BUNDLE_YES\=PrivateVPN.app
    export EXECUTABLE_NAME\=PrivateVPN
    export EXECUTABLE_PATH\=PrivateVPN.app/PrivateVPN
    export EXTENSIONS_FOLDER_PATH\=PrivateVPN.app/Extensions
    export FILE_LIST\=/tmp/pvpn-dd/Build/Intermediates.noindex/PrivateVPN.build/Debug-iphoneos/PrivateVPN.build/Objects/LinkFileList
    export FIXED_FILES_DIR\=/tmp/pvpn-dd/Build/Intermediates.noindex/PrivateVPN.build/Debug-iphoneos/PrivateVPN.build/FixedFiles
    export FRAMEWORKS_FOLDER_PATH\=PrivateVPN.app/Frameworks
    export FRAMEWORK_FLAG_PREFIX\=-framework
    export FRAMEWORK_SEARCH_PATHS\=/tmp/pvpn-dd/Build/Products/Debug-iphoneos/PackageFrameworks\ /tmp/pvpn-dd/Build/Products/Debug-iphoneos/PackageFrameworks\ /tmp/pvpn-dd/Build/Products/Debug-iphoneos/PackageFrameworks\ /tmp/pvpn-dd/Build/Products/Debug-iphoneos\ 
    export FRAMEWORK_VERSION\=A
    export FULL_PRODUCT_NAME\=PrivateVPN.app
    export FUSE_BUILD_PHASES\=YES
    export FUSE_BUILD_SCRIPT_PHASES\=NO
    export GCC3_VERSION\=3.3
    export GCC_C_LANGUAGE_STANDARD\=gnu11
    export GCC_DYNAMIC_NO_PIC\=NO
    export GCC_INLINES_ARE_PRIVATE_EXTERN\=YES
    export GCC_NO_COMMON_BLOCKS\=YES
    export GCC_OPTIMIZATION_LEVEL\=0
    export GCC_PFE_FILE_C_DIALECTS\=c\ objective-c\ c++\ objective-c++
    export GCC_PREPROCESSOR_DEFINITIONS\=\ DEBUG\=1
    export GCC_SYMBOLS_PRIVATE_EXTERN\=NO
    export GCC_THUMB_SUPPORT\=YES
    export GCC_TREAT_WARNINGS_AS_ERRORS\=NO
    export GCC_VERSION\=com.apple.compilers.llvm.clang.1_0
    export GCC_VERSION_IDENTIFIER\=com_apple_compilers_llvm_clang_1_0
    export GCC_WARN_64_TO_32_BIT_CONVERSION\=YES
    export GCC_WARN_ABOUT_RETURN_TYPE\=YES_ERROR
    export GCC_WARN_UNDECLARED_SELECTOR\=YES
    export GCC_WARN_UNINITIALIZED_AUTOS\=YES_AGGRESSIVE
    export GCC_WARN_UNUSED_FUNCTION\=YES
    export GCC_WARN_UNUSED_VARIABLE\=YES
    export GENERATED_MODULEMAP_DIR\=/tmp/pvpn-dd/Build/Intermediates.noindex/GeneratedModuleMaps-iphoneos
    export GENERATE_INFOPLIST_FILE\=NO
    export GENERATE_INTERMEDIATE_TEXT_BASED_STUBS\=YES
    export GENERATE_PKGINFO_FILE\=YES
    export GENERATE_PRELINK_OBJECT_FILE\=NO
    export GENERATE_PROFILING_CODE\=NO
    export GENERATE_TEXT_BASED_STUBS\=NO
    export GID\=20
    export GROUP\=staff
    export HEADERMAP_INCLUDES_FLAT_ENTRIES_FOR_TARGET_BEING_BUILT\=YES
    export HEADERMAP_INCLUDES_FRAMEWORK_ENTRIES_FOR_ALL_PRODUCT_TYPES\=YES
    export HEADERMAP_INCLUDES_FRAMEWORK_ENTRIES_FOR_TARGETS_NOT_BEING_BUILT\=YES
    export HEADERMAP_INCLUDES_NONPUBLIC_NONPRIVATE_HEADERS\=YES
    export HEADERMAP_INCLUDES_PROJECT_HEADERS\=YES
    export HEADERMAP_USES_FRAMEWORK_PREFIX_ENTRIES\=YES
    export HEADERMAP_USES_VFS\=NO
    export HEADER_SEARCH_PATHS\=/Volumes/BIWIN/SourcesCode/PrivateVPN/Vendor/WireGuardKit/Sources/WireGuardKitC/.\ /Volumes/BIWIN/SourcesCode/PrivateVPN/Vendor/WireGuardKit/Sources/WireGuardKitGo/.\ /tmp/pvpn-dd/Build/Products/Debug-iphoneos/include\ 
    export HOME\=/Users/minhnguyen
    export HOST_ARCH\=arm64
    export HOST_PLATFORM\=macosx
    export ICONV\=/usr/bin/iconv
    export IMPLICIT_DEPENDENCY_DOMAIN\=default
    export INDEX_STORE_COMPRESS\=NO
    export INDEX_STORE_ONLY_PROJECT_FILES\=NO
    export INFOPLIST_ENABLE_CFBUNDLEICONS_MERGE\=YES
    export INFOPLIST_EXPAND_BUILD_SETTINGS\=YES
    export INFOPLIST_FILE\=iOS/PrivateVPN/Info.plist
    export INFOPLIST_OUTPUT_FORMAT\=binary
    export INFOPLIST_PATH\=PrivateVPN.app/Info.plist
    export INFOPLIST_PREPROCESS\=NO
    export INFOSTRINGS_PATH\=PrivateVPN.app/en.lproj/InfoPlist.strings
    export INLINE_PRIVATE_FRAMEWORKS\=NO
    export INSTALLAPI_IGNORE_SKIP_INSTALL\=YES
    export INSTALLHDRS_COPY_PHASE\=NO
    export INSTALLHDRS_SCRIPT_PHASE\=NO
    export INSTALL_DIR\=/tmp/PrivateVPN.dst/Applications
    export INSTALL_GROUP\=staff
    export INSTALL_MODE_FLAG\=u+w,go-w,a+rX
    export INSTALL_OWNER\=minhnguyen
    export INSTALL_PATH\=/Applications
    export INSTALL_ROOT\=/tmp/PrivateVPN.dst
    export IPHONEOS_DEPLOYMENT_TARGET\=17.0
    export IS_UNOPTIMIZED_BUILD\=YES
    export JAVAC_DEFAULT_FLAGS\=-J-Xms64m\ -J-XX:NewSize\=4M\ -J-Dfile.encoding\=UTF8
    export JAVA_APP_STUB\=/System/Library/Frameworks/JavaVM.framework/Resources/MacOS/JavaApplicationStub
    export JAVA_ARCHIVE_CLASSES\=YES
    export JAVA_ARCHIVE_TYPE\=JAR
    export JAVA_COMPILER\=/usr/bin/javac
    export JAVA_FOLDER_PATH\=PrivateVPN.app/Java
    export JAVA_FRAMEWORK_RESOURCES_DIRS\=Resources
    export JAVA_JAR_FLAGS\=cv
    export JAVA_SOURCE_SUBDIR\=.
    export JAVA_USE_DEPENDENCIES\=YES
    export JAVA_ZIP_FLAGS\=-urg
    export JIKES_DEFAULT_FLAGS\=+E\ +OLDCSO
    export KASAN_CFLAGS_CLASSIC\=-DKASAN\=1\ -DKASAN_CLASSIC\=1\ -fsanitize\=address\ -mllvm\ -asan-globals-live-support\ -mllvm\ -asan-force-dynamic-shadow
    export KASAN_CFLAGS_TBI\=-DKASAN\=1\ -DKASAN_TBI\=1\ -fsanitize\=kernel-hwaddress\ -mllvm\ -hwasan-recover\=0\ -mllvm\ -hwasan-instrument-atomics\=0\ -mllvm\ -hwasan-instrument-stack\=1\ -mllvm\ -hwasan-generate-tags-with-calls\=1\ -mllvm\ -hwasan-instrument-with-calls\=1\ -mllvm\ -hwasan-use-short-granules\=0\ -mllvm\ -hwasan-memory-access-callback-prefix\=__asan_
    export KASAN_DEFAULT_CFLAGS\=-DKASAN\=1\ -DKASAN_CLASSIC\=1\ -fsanitize\=address\ -mllvm\ -asan-globals-live-support\ -mllvm\ -asan-force-dynamic-shadow
    export KEEP_PRIVATE_EXTERNS\=NO
    export LD_DEPENDENCY_INFO_FILE\=/tmp/pvpn-dd/Build/Intermediates.noindex/PrivateVPN.build/Debug-iphoneos/PrivateVPN.build/Objects-normal/undefined_arch/PrivateVPN_dependency_info.dat
    export LD_EXPORT_SYMBOLS\=YES
    export LD_GENERATE_MAP_FILE\=NO
    export LD_MAP_FILE_PATH\=/tmp/pvpn-dd/Build/Intermediates.noindex/PrivateVPN.build/Debug-iphoneos/PrivateVPN.build/PrivateVPN-LinkMap-normal-undefined_arch.txt
    export LD_NO_PIE\=NO
    export LD_QUOTE_LINKER_ARGUMENTS_FOR_COMPILER_DRIVER\=YES
    export LD_RUNPATH_SEARCH_PATHS\=/tmp/pvpn-dd/Build/Products/Debug-iphoneos/PackageFrameworks\ /tmp/pvpn-dd/Build/Products/Debug-iphoneos/PackageFrameworks\ /tmp/pvpn-dd/Build/Products/Debug-iphoneos/PackageFrameworks\ \ @executable_path/Frameworks
    export LD_RUNPATH_SEARCH_PATHS_YES\=@loader_path/../Frameworks
    export LD_SHARED_CACHE_ELIGIBLE\=Automatic
    export LD_WARN_DUPLICATE_LIBRARIES\=NO
    export LD_WARN_UNUSED_DYLIBS\=NO
    export LEGACY_DEVELOPER_DIR\=/Applications/Xcode.app/Contents/PlugIns/Xcode3Core.ideplugin/Contents/SharedSupport/Developer
    export LEX\=lex
    export LIBRARY_DEXT_INSTALL_PATH\=/Library/DriverExtensions
    export LIBRARY_FLAG_NOSPACE\=YES
    export LIBRARY_FLAG_PREFIX\=-l
    export LIBRARY_KEXT_INSTALL_PATH\=/Library/Extensions
    export LIBRARY_SEARCH_PATHS\=/tmp/pvpn-dd/Build/Products/Debug-iphoneos\ /tmp/pvpn-dd/Build/Intermediates.noindex/PrivateVPN.build/Debug-iphoneos/PrivateVPN.build/DerivedSources/wg
    export LINKER_DISPLAYS_MANGLED_NAMES\=NO
    export LINK_FILE_LIST_normal_arm64\=/tmp/pvpn-dd/Build/Intermediates.noindex/PrivateVPN.build/Debug-iphoneos/PrivateVPN.build/Objects-normal/arm64/PrivateVPN.LinkFileList
    export LINK_OBJC_RUNTIME\=YES
    export LINK_WITH_STANDARD_LIBRARIES\=YES
    export LLVM_TARGET_TRIPLE_OS_VERSION\=ios17.0
    export LLVM_TARGET_TRIPLE_VENDOR\=apple
    export LM_AUX_CONST_METADATA_LIST_PATH_normal_arm64\=/tmp/pvpn-dd/Build/Intermediates.noindex/PrivateVPN.build/Debug-iphoneos/PrivateVPN.build/Objects-normal/arm64/PrivateVPN.SwiftConstValuesFileList
    export LOCALIZATION_EXPORT_SUPPORTED\=YES
    export LOCALIZATION_PREFERS_STRING_CATALOGS\=NO
    export LOCALIZED_RESOURCES_FOLDER_PATH\=PrivateVPN.app/en.lproj
    export LOCALIZED_STRING_CODE_COMMENTS\=NO
    export LOCALIZED_STRING_MACRO_NAMES\=NSLocalizedString\ CFCopyLocalizedString
    export LOCALIZED_STRING_SWIFTUI_SUPPORT\=YES
    export LOCAL_ADMIN_APPS_DIR\=/Applications/Utilities
    export LOCAL_APPS_DIR\=/Applications
    export LOCAL_DEVELOPER_DIR\=/Library/Developer
    export LOCAL_LIBRARY_DIR\=/Library
    export LOCROOT\=/Volumes/BIWIN/SourcesCode/PrivateVPN
    export LOCSYMROOT\=/Volumes/BIWIN/SourcesCode/PrivateVPN
    export MACH_O_TYPE\=mh_execute
    export MAC_OS_X_PRODUCT_BUILD_VERSION\=25F84
    export MAC_OS_X_VERSION_ACTUAL\=260502
    export MAC_OS_X_VERSION_MAJOR\=260000
    export MAC_OS_X_VERSION_MINOR\=260500
    export MAKE_MERGEABLE\=NO
    export MERGEABLE_LIBRARY\=NO
    export MERGED_BINARY_TYPE\=none
    export MERGE_LINKED_LIBRARIES\=NO
    export METAL_LIBRARY_FILE_BASE\=default
    export METAL_LIBRARY_OUTPUT_DIR\=/tmp/pvpn-dd/Build/Products/Debug-iphoneos/PrivateVPN.app
    export MODULES_FOLDER_PATH\=PrivateVPN.app/Modules
    export MODULE_CACHE_DIR\=/tmp/pvpn-dd/ModuleCache.noindex
    export MTL_ENABLE_DEBUG_INFO\=INCLUDE_SOURCE
    export MTL_FAST_MATH\=YES
    export NATIVE_ARCH\=arm64
    export NATIVE_ARCH_32_BIT\=arm
    export NATIVE_ARCH_64_BIT\=arm64
    export NATIVE_ARCH_ACTUAL\=arm64
    export NO_COMMON\=YES
    export OBJECT_FILE_DIR\=/tmp/pvpn-dd/Build/Intermediates.noindex/PrivateVPN.build/Debug-iphoneos/PrivateVPN.build/Objects
    export OBJECT_FILE_DIR_normal\=/tmp/pvpn-dd/Build/Intermediates.noindex/PrivateVPN.build/Debug-iphoneos/PrivateVPN.build/Objects-normal
    export OBJROOT\=/tmp/pvpn-dd/Build/Intermediates.noindex
    export ONLY_ACTIVE_ARCH\=NO
    export OS\=MACOS
    export OSAC\=/usr/bin/osacompile
    export OTHER_CFLAGS\=-fmodule-map-file\=/tmp/pvpn-dd/Build/Intermediates.noindex/GeneratedModuleMaps-iphoneos/WireGuardKit.modulemap\ 
    export OTHER_CPLUSPLUSFLAGS\=-fmodule-map-file\=/tmp/pvpn-dd/Build/Intermediates.noindex/GeneratedModuleMaps-iphoneos/WireGuardKit.modulemap\ 
    export OTHER_LDFLAGS\=-Wl,-no_warn_duplicate_libraries\ -Wl,-no_warn_duplicate_libraries\ -Wl,-no_warn_duplicate_libraries\ \ -lwg-go
    export PACKAGE_TYPE\=com.apple.package-type.wrapper.application
    export PASCAL_STRINGS\=YES
    export PATH\=/Applications/Xcode.app/Contents/SharedFrameworks/SwiftBuild.framework/Versions/A/PlugIns/SWBBuildService.bundle/Contents/PlugIns/SWBUniversalPlatformPlugin.bundle/Contents/Frameworks/SWBUniversalPlatform.framework/Resources:/Applications/Xcode.app/Contents/Developer/Toolchains/XcodeDefault.xctoolchain/usr/bin:/Applications/Xcode.app/Contents/Developer/Toolchains/XcodeDefault.xctoolchain/usr/local/bin:/Applications/Xcode.app/Contents/Developer/Toolchains/XcodeDefault.xctoolchain/usr/libexec:/Applications/Xcode.app/Contents/Developer/Platforms/iPhoneOS.platform/usr/bin:/Applications/Xcode.app/Contents/Developer/Platforms/iPhoneOS.platform/usr/local/bin:/Applications/Xcode.app/Contents/Developer/Platforms/iPhoneOS.platform/Developer/usr/bin:/Applications/Xcode.app/Contents/Developer/Platforms/iPhoneOS.platform/Developer/usr/local/bin:/Applications/Xcode.app/Contents/Developer/usr/bin:/Applications/Xcode.app/Contents/Developer/usr/local/bin:/Users/minhnguyen/.codebuddy/bin:/Users/minhnguyen/.local/bin:/Library/Frameworks/Python.framework/Versions/3.13/bin:/opt/homebrew/bin:/opt/homebrew/sbin:/usr/local/bin:/System/Cryptexes/App/usr/bin:/usr/bin:/bin:/usr/sbin:/sbin:/var/run/com.apple.security.cryptexd/codex.system/bootstrap/usr/local/bin:/var/run/com.apple.security.cryptexd/codex.system/bootstrap/usr/bin:/var/run/com.apple.security.cryptexd/codex.system/bootstrap/usr/appleinternal/bin:/pkg/env/global/bin:/Library/Apple/usr/bin
    export PATH_PREFIXES_EXCLUDED_FROM_HEADER_DEPENDENCIES\=/usr/include\ /usr/local/include\ /System/Library/Frameworks\ /System/Library/PrivateFrameworks\ /Applications/Xcode.app/Contents/Developer/Headers\ /Applications/Xcode.app/Contents/Developer/SDKs\ /Applications/Xcode.app/Contents/Developer/Platforms
    export PBDEVELOPMENTPLIST_PATH\=PrivateVPN.app/pbdevelopment.plist
    export PER_ARCH_MODULE_FILE_DIR\=/tmp/pvpn-dd/Build/Intermediates.noindex/PrivateVPN.build/Debug-iphoneos/PrivateVPN.build/Objects-normal/undefined_arch
    export PER_ARCH_OBJECT_FILE_DIR\=/tmp/pvpn-dd/Build/Intermediates.noindex/PrivateVPN.build/Debug-iphoneos/PrivateVPN.build/Objects-normal/undefined_arch
    export PER_VARIANT_OBJECT_FILE_DIR\=/tmp/pvpn-dd/Build/Intermediates.noindex/PrivateVPN.build/Debug-iphoneos/PrivateVPN.build/Objects-normal
    export PKGINFO_FILE_PATH\=/tmp/pvpn-dd/Build/Intermediates.noindex/PrivateVPN.build/Debug-iphoneos/PrivateVPN.build/PkgInfo
    export PKGINFO_PATH\=PrivateVPN.app/PkgInfo
    export PLATFORM_DEVELOPER_APPLICATIONS_DIR\=/Applications/Xcode.app/Contents/Developer/Platforms/iPhoneOS.platform/Developer/Applications
    export PLATFORM_DEVELOPER_BIN_DIR\=/Applications/Xcode.app/Contents/Developer/Platforms/iPhoneOS.platform/Developer/usr/bin
    export PLATFORM_DEVELOPER_LIBRARY_DIR\=/Applications/Xcode.app/Contents/Developer/Platforms/iPhoneOS.platform/Developer/Library
    export PLATFORM_DEVELOPER_SDK_DIR\=/Applications/Xcode.app/Contents/Developer/Platforms/iPhoneOS.platform/Developer/SDKs
    export PLATFORM_DEVELOPER_TOOLS_DIR\=/Applications/Xcode.app/Contents/Developer/Platforms/iPhoneOS.platform/Developer/Tools
    export PLATFORM_DEVELOPER_USR_DIR\=/Applications/Xcode.app/Contents/Developer/Platforms/iPhoneOS.platform/Developer/usr
    export PLATFORM_DIR\=/Applications/Xcode.app/Contents/Developer/Platforms/iPhoneOS.platform
    export PLATFORM_DISPLAY_NAME\=iOS
    export PLATFORM_FAMILY_NAME\=iOS
    export PLATFORM_NAME\=iphoneos
    export PLATFORM_PREFERRED_ARCH\=arm64
    export PLATFORM_PRODUCT_BUILD_VERSION\=23F81a
    export PLATFORM_REQUIRES_SWIFT_AUTOLINK_EXTRACT\=NO
    export PLATFORM_REQUIRES_SWIFT_MODULEWRAP\=NO
    export PLATFORM_USES_DSYMS\=YES
    export PLIST_FILE_OUTPUT_FORMAT\=binary
    export PLUGINS_FOLDER_PATH\=PrivateVPN.app/PlugIns
    export PRECOMPS_INCLUDE_HEADERS_FROM_BUILT_PRODUCTS_DIR\=YES
    export PRECOMP_DESTINATION_DIR\=/tmp/pvpn-dd/Build/Intermediates.noindex/PrivateVPN.build/Debug-iphoneos/PrivateVPN.build/PrefixHeaders
    export PRIVATE_HEADERS_FOLDER_PATH\=PrivateVPN.app/PrivateHeaders
    export PROCESSED_INFOPLIST_PATH\=/tmp/pvpn-dd/Build/Intermediates.noindex/PrivateVPN.build/Debug-iphoneos/PrivateVPN.build/Objects-normal/undefined_arch/Processed-Info.plist
    export PRODUCT_BUNDLE_IDENTIFIER\=com.privatevpn.app
    export PRODUCT_BUNDLE_PACKAGE_TYPE\=APPL
    export PRODUCT_MODULE_NAME\=PrivateVPN
    export PRODUCT_NAME\=PrivateVPN
    export PRODUCT_SETTINGS_PATH\=/Volumes/BIWIN/SourcesCode/PrivateVPN/iOS/PrivateVPN/Info.plist
    export PRODUCT_TYPE\=com.apple.product-type.application
    export PROFILING_CODE\=NO
    export PROJECT\=PrivateVPN
    export PROJECT_DERIVED_FILE_DIR\=/tmp/pvpn-dd/Build/Intermediates.noindex/PrivateVPN.build/DerivedSources
    export PROJECT_DIR\=/Volumes/BIWIN/SourcesCode/PrivateVPN
    export PROJECT_FILE_PATH\=/Volumes/BIWIN/SourcesCode/PrivateVPN/PrivateVPN.xcodeproj
    export PROJECT_GUID\=3e357c95868f0b93e62acfafa95a57dd
    export PROJECT_NAME\=PrivateVPN
    export PROJECT_TEMP_DIR\=/tmp/pvpn-dd/Build/Intermediates.noindex/PrivateVPN.build
    export PROJECT_TEMP_ROOT\=/tmp/pvpn-dd/Build/Intermediates.noindex
    export PROVISIONING_PROFILE_REQUIRED\=YES
    export PROVISIONING_PROFILE_REQUIRED_YES_YES\=YES
    export PROVISIONING_PROFILE_SUPPORTED\=YES
    export PUBLIC_HEADERS_FOLDER_PATH\=PrivateVPN.app/Headers
    export RECOMMENDED_IPHONEOS_DEPLOYMENT_TARGET\=15.0
    export RECURSIVE_SEARCH_PATHS_FOLLOW_SYMLINKS\=YES
    export REMOVE_CVS_FROM_RESOURCES\=YES
    export REMOVE_GIT_FROM_RESOURCES\=YES
    export REMOVE_HEADERS_FROM_EMBEDDED_BUNDLES\=YES
    export REMOVE_HG_FROM_RESOURCES\=YES
    export REMOVE_STATIC_EXECUTABLES_FROM_EMBEDDED_BUNDLES\=YES
    export REMOVE_SVN_FROM_RESOURCES\=YES
    export RESCHEDULE_INDEPENDENT_HEADERS_PHASES\=YES
    export REZ_COLLECTOR_DIR\=/tmp/pvpn-dd/Build/Intermediates.noindex/PrivateVPN.build/Debug-iphoneos/PrivateVPN.build/ResourceManagerResources
    export REZ_OBJECTS_DIR\=/tmp/pvpn-dd/Build/Intermediates.noindex/PrivateVPN.build/Debug-iphoneos/PrivateVPN.build/ResourceManagerResources/Objects
    export REZ_SEARCH_PATHS\=/tmp/pvpn-dd/Build/Products/Debug-iphoneos\ 
    export RPATH_ORIGIN\=@loader_path
    export RUNTIME_EXCEPTION_ALLOW_DYLD_ENVIRONMENT_VARIABLES\=NO
    export RUNTIME_EXCEPTION_ALLOW_JIT\=NO
    export RUNTIME_EXCEPTION_ALLOW_UNSIGNED_EXECUTABLE_MEMORY\=NO
    export RUNTIME_EXCEPTION_DEBUGGING_TOOL\=NO
    export RUNTIME_EXCEPTION_DISABLE_EXECUTABLE_PAGE_PROTECTION\=NO
    export RUNTIME_EXCEPTION_DISABLE_LIBRARY_VALIDATION\=NO
    export SCANNING_PCM_KEEP_CACHE_DIRECTORY\=YES
    export SCAN_ALL_SOURCE_FILES_FOR_INCLUDES\=NO
    export SCRIPTS_FOLDER_PATH\=PrivateVPN.app/Scripts
    export SCRIPT_INPUT_FILE_COUNT\=0
    export SCRIPT_INPUT_FILE_LIST_COUNT\=0
    export SCRIPT_OUTPUT_FILE_COUNT\=0
    export SCRIPT_OUTPUT_FILE_LIST_COUNT\=0
    export SDKROOT\=/Applications/Xcode.app/Contents/Developer/Platforms/iPhoneOS.platform/Developer/SDKs/iPhoneOS26.5.sdk
    export SDK_DIR\=/Applications/Xcode.app/Contents/Developer/Platforms/iPhoneOS.platform/Developer/SDKs/iPhoneOS26.5.sdk
    export SDK_DIR_iphoneos\=/Applications/Xcode.app/Contents/Developer/Platforms/iPhoneOS.platform/Developer/SDKs/iPhoneOS26.5.sdk
    export SDK_DIR_iphoneos26_5\=/Applications/Xcode.app/Contents/Developer/Platforms/iPhoneOS.platform/Developer/SDKs/iPhoneOS26.5.sdk
    export SDK_NAME\=iphoneos26.5
    export SDK_NAMES\=iphoneos26.5
    export SDK_PRODUCT_BUILD_VERSION\=23F81a
    export SDK_STAT_CACHE_DIR\=/tmp/pvpn-dd
    export SDK_STAT_CACHE_ENABLE\=YES
    export SDK_STAT_CACHE_PATH\=/tmp/pvpn-dd/SDKStatCaches.noindex/iphoneos26.5-23F81a-32daed1954a7d5dd0789fcaf2a9bb78b.sdkstatcache
    export SDK_VERSION\=26.5
    export SDK_VERSION_ACTUAL\=260500
    export SDK_VERSION_MAJOR\=260000
    export SDK_VERSION_MINOR\=260500
    export SED\=/usr/bin/sed
    export SEPARATE_STRIP\=NO
    export SEPARATE_SYMBOL_EDIT\=NO
    export SET_DIR_MODE_OWNER_GROUP\=YES
    export SET_FILE_MODE_OWNER_GROUP\=NO
    export SHALLOW_BUNDLE\=YES
    export SHALLOW_BUNDLE_TRIPLE\=ios
    export SHALLOW_BUNDLE_ios_macabi\=NO
    export SHALLOW_BUNDLE_macos\=NO
    export SHARED_DERIVED_FILE_DIR\=/tmp/pvpn-dd/Build/Products/Debug-iphoneos/DerivedSources
    export SHARED_FRAMEWORKS_FOLDER_PATH\=PrivateVPN.app/SharedFrameworks
    export SHARED_PRECOMPS_DIR\=/tmp/pvpn-dd/Build/Intermediates.noindex/PrecompiledHeaders
    export SHARED_SUPPORT_FOLDER_PATH\=PrivateVPN.app/SharedSupport
    export SKIP_INSTALL\=NO
    export SKIP_MERGEABLE_LIBRARY_BUNDLE_HOOK\=NO
    export SOURCE_ROOT\=/Volumes/BIWIN/SourcesCode/PrivateVPN
    export SRCROOT\=/Volumes/BIWIN/SourcesCode/PrivateVPN
    export STRINGSDATA_DIR\=/tmp/pvpn-dd/Build/Intermediates.noindex/PrivateVPN.build/Debug-iphoneos/PrivateVPN.build/Objects-normal/undefined_arch
    export STRINGSDATA_ROOT\=/tmp/pvpn-dd/Build/Intermediates.noindex/PrivateVPN.build/Debug-iphoneos/PrivateVPN.build
    export STRINGS_FILE_INFOPLIST_RENAME\=YES
    export STRINGS_FILE_OUTPUT_ENCODING\=binary
    export STRING_CATALOG_GENERATE_SYMBOLS\=NO
    export STRIP_BITCODE_FROM_COPIED_FILES\=YES
    export STRIP_INSTALLED_PRODUCT\=NO
    export STRIP_STYLE\=all
    export STRIP_SWIFT_SYMBOLS\=YES
    export SUPPORTED_DEVICE_FAMILIES\=1,2
    export SUPPORTED_PLATFORMS\=iphoneos\ iphonesimulator
    export SUPPORTS_MACCATALYST\=NO
    export SUPPORTS_MAC_DESIGNED_FOR_IPHONE_IPAD\=YES
    export SUPPORTS_ON_DEMAND_RESOURCES\=YES
    export SUPPORTS_TEXT_BASED_API\=NO
    export SUPPORTS_XR_DESIGNED_FOR_IPHONE_IPAD\=YES
    export SUPPRESS_WARNINGS\=NO
    export SWIFT_ACTIVE_COMPILATION_CONDITIONS\=DEBUG
    export SWIFT_EMIT_CONST_VALUE_PROTOCOLS\=AnyResolverProviding\ AppEntity\ AppEnum\ AppExtension\ AppIntent\ AppIntentsPackage\ AppShortcutProviding\ AppShortcutsProvider\ AppUnionValue\ AppUnionValueCasesProviding\ DynamicOptionsProvider\ EntityQuery\ ExtensionPointDefining\ IntentValueQuery\ Resolver\ TransientEntity\ _AssistantIntentsProvider\ _GenerativeFunctionExtractable\ _IntentValueRepresentable
    export SWIFT_EMIT_LOC_STRINGS\=NO
    export SWIFT_ENABLE_EXPLICIT_MODULES\=YES
    export SWIFT_OPTIMIZATION_LEVEL\=-Onone
    export SWIFT_PLATFORM_TARGET_PREFIX\=ios
    export SWIFT_RESPONSE_FILE_PATH_normal_arm64\=/tmp/pvpn-dd/Build/Intermediates.noindex/PrivateVPN.build/Debug-iphoneos/PrivateVPN.build/Objects-normal/arm64/PrivateVPN.SwiftFileList
    export SWIFT_VERSION\=6.0
    export SYMROOT\=/tmp/pvpn-dd/Build/Products
    export SYSTEM_ADMIN_APPS_DIR\=/Applications/Utilities
    export SYSTEM_APPS_DIR\=/Applications
    export SYSTEM_CORE_SERVICES_DIR\=/System/Library/CoreServices
    export SYSTEM_DEMOS_DIR\=/Applications/Extras
    export SYSTEM_DEVELOPER_APPS_DIR\=/Applications/Xcode.app/Contents/Developer/Applications
    export SYSTEM_DEVELOPER_BIN_DIR\=/Applications/Xcode.app/Contents/Developer/usr/bin
    export SYSTEM_DEVELOPER_DEMOS_DIR\=/Applications/Xcode.app/Contents/Developer/Applications/Utilities/Built\ Examples
    export SYSTEM_DEVELOPER_DIR\=/Applications/Xcode.app/Contents/Developer
    export SYSTEM_DEVELOPER_DOC_DIR\=/Applications/Xcode.app/Contents/Developer/ADC\ Reference\ Library
    export SYSTEM_DEVELOPER_GRAPHICS_TOOLS_DIR\=/Applications/Xcode.app/Contents/Developer/Applications/Graphics\ Tools
    export SYSTEM_DEVELOPER_JAVA_TOOLS_DIR\=/Applications/Xcode.app/Contents/Developer/Applications/Java\ Tools
    export SYSTEM_DEVELOPER_PERFORMANCE_TOOLS_DIR\=/Applications/Xcode.app/Contents/Developer/Applications/Performance\ Tools
    export SYSTEM_DEVELOPER_RELEASENOTES_DIR\=/Applications/Xcode.app/Contents/Developer/ADC\ Reference\ Library/releasenotes
    export SYSTEM_DEVELOPER_TOOLS\=/Applications/Xcode.app/Contents/Developer/Tools
    export SYSTEM_DEVELOPER_TOOLS_DOC_DIR\=/Applications/Xcode.app/Contents/Developer/ADC\ Reference\ Library/documentation/DeveloperTools
    export SYSTEM_DEVELOPER_TOOLS_RELEASENOTES_DIR\=/Applications/Xcode.app/Contents/Developer/ADC\ Reference\ Library/releasenotes/DeveloperTools
    export SYSTEM_DEVELOPER_USR_DIR\=/Applications/Xcode.app/Contents/Developer/usr
    export SYSTEM_DEVELOPER_UTILITIES_DIR\=/Applications/Xcode.app/Contents/Developer/Applications/Utilities
    export SYSTEM_DEXT_INSTALL_PATH\=/System/Library/DriverExtensions
    export SYSTEM_DOCUMENTATION_DIR\=/Library/Documentation
    export SYSTEM_EXTENSIONS_FOLDER_PATH\=PrivateVPN.app/SystemExtensions
    export SYSTEM_EXTENSIONS_FOLDER_PATH_SHALLOW_BUNDLE_NO\=PrivateVPN.app/Library/SystemExtensions
    export SYSTEM_EXTENSIONS_FOLDER_PATH_SHALLOW_BUNDLE_YES\=PrivateVPN.app/SystemExtensions
    export SYSTEM_KEXT_INSTALL_PATH\=/System/Library/Extensions
    export SYSTEM_LIBRARY_DIR\=/System/Library
    export TAPI_DEMANGLE\=YES
    export TAPI_ENABLE_PROJECT_HEADERS\=NO
    export TAPI_LANGUAGE\=objective-c
    export TAPI_LANGUAGE_STANDARD\=compiler-default
    export TAPI_USE_SRCROOT\=YES
    export TAPI_VERIFY_MODE\=Pedantic
    export TARGETED_DEVICE_FAMILY\=1,2
    export TARGETNAME\=PrivateVPN
    export TARGET_BUILD_DIR\=/tmp/pvpn-dd/Build/Products/Debug-iphoneos
    export TARGET_NAME\=PrivateVPN
    export TARGET_TEMP_DIR\=/tmp/pvpn-dd/Build/Intermediates.noindex/PrivateVPN.build/Debug-iphoneos/PrivateVPN.build
    export TEMP_DIR\=/tmp/pvpn-dd/Build/Intermediates.noindex/PrivateVPN.build/Debug-iphoneos/PrivateVPN.build
    export TEMP_FILES_DIR\=/tmp/pvpn-dd/Build/Intermediates.noindex/PrivateVPN.build/Debug-iphoneos/PrivateVPN.build
    export TEMP_FILE_DIR\=/tmp/pvpn-dd/Build/Intermediates.noindex/PrivateVPN.build/Debug-iphoneos/PrivateVPN.build
    export TEMP_ROOT\=/tmp/pvpn-dd/Build/Intermediates.noindex
    export TEMP_SANDBOX_DIR\=/tmp/pvpn-dd/Build/Intermediates.noindex/TemporaryTaskSandboxes
    export TEST_FRAMEWORK_SEARCH_PATHS\=\ /Applications/Xcode.app/Contents/Developer/Platforms/iPhoneOS.platform/Developer/Library/Frameworks\ /Applications/Xcode.app/Contents/Developer/Platforms/iPhoneOS.platform/Developer/SDKs/iPhoneOS26.5.sdk/Developer/Library/Frameworks
    export TEST_LIBRARY_SEARCH_PATHS\=\ /Applications/Xcode.app/Contents/Developer/Platforms/iPhoneOS.platform/Developer/usr/lib
    export TOOLCHAINS\=com.apple.dt.toolchain.XcodeDefault
    export TOOLCHAIN_DIR\=/Applications/Xcode.app/Contents/Developer/Toolchains/XcodeDefault.xctoolchain
    export TREAT_MISSING_BASELINES_AS_TEST_FAILURES\=NO
    export TREAT_MISSING_SCRIPT_PHASE_OUTPUTS_AS_ERRORS\=NO
    export UID\=501
    export UNINSTALLED_PRODUCTS_DIR\=/tmp/pvpn-dd/Build/Intermediates.noindex/UninstalledProducts
    export UNLOCALIZED_RESOURCES_FOLDER_PATH\=PrivateVPN.app
    export UNLOCALIZED_RESOURCES_FOLDER_PATH_SHALLOW_BUNDLE_NO\=PrivateVPN.app/Resources
    export UNLOCALIZED_RESOURCES_FOLDER_PATH_SHALLOW_BUNDLE_YES\=PrivateVPN.app
    export UNSTRIPPED_PRODUCT\=NO
    export USER\=minhnguyen
    export USER_APPS_DIR\=/Users/minhnguyen/Applications
    export USER_LIBRARY_DIR\=/Users/minhnguyen/Library
    export USE_DYNAMIC_NO_PIC\=YES
    export USE_HEADERMAP\=YES
    export USE_HEADER_SYMLINKS\=NO
    export VALIDATE_DEVELOPMENT_ASSET_PATHS\=YES_ERROR
    export VALIDATE_PRODUCT\=NO
    export VALID_ARCHS\=arm64\ arm64e\ armv7\ armv7s
    export VERBOSE_PBXCP\=NO
    export VERSIONPLIST_PATH\=PrivateVPN.app/version.plist
    export VERSION_INFO_BUILDER\=minhnguyen
    export VERSION_INFO_FILE\=PrivateVPN_vers.c
    export VERSION_INFO_STRING\=\"@\(\#\)PROGRAM:PrivateVPN\ \ PROJECT:PrivateVPN-\"
    export WORKSPACE_DIR\=/Volumes/BIWIN/SourcesCode/PrivateVPN/PrivateVPN.xcodeproj
    export WRAPPER_EXTENSION\=app
    export WRAPPER_NAME\=PrivateVPN.app
    export WRAPPER_SUFFIX\=.app
    export WRAP_ASSET_PACKS_IN_SEPARATE_DIRECTORIES\=NO
    export XCODE_APP_SUPPORT_DIR\=/Applications/Xcode.app/Contents/Developer/Library/Xcode
    export XCODE_PRODUCT_BUILD_VERSION\=17F113
    export XCODE_VERSION_ACTUAL\=2660
    export XCODE_VERSION_MAJOR\=2600
    export XCODE_VERSION_MINOR\=2660
    export XPCSERVICES_FOLDER_PATH\=PrivateVPN.app/XPCServices
    export YACC\=yacc
    export _DISCOVER_COMMAND_LINE_LINKER_INPUTS\=YES
    export _DISCOVER_COMMAND_LINE_LINKER_INPUTS_INCLUDE_WL\=YES
    export _LD_MULTIARCH\=YES
    export _WRAPPER_CONTENTS_DIR_SHALLOW_BUNDLE_NO\=/Contents
    export _WRAPPER_PARENT_PATH_SHALLOW_BUNDLE_NO\=/..
    export _WRAPPER_RESOURCES_DIR_SHALLOW_BUNDLE_NO\=/Resources
    export __DIAGNOSE_DEPRECATED_ARCHS\=YES
    export __IS_NOT_MACOS\=YES
    export __IS_NOT_MACOS_macosx\=NO
    export __IS_NOT_SIMULATOR\=YES
    export __IS_NOT_SIMULATOR_simulator\=NO
    export __ORIGINAL_SDK_DEFINED_LLVM_TARGET_TRIPLE_SYS\=ios
    export arch\=undefined_arch
    export variant\=normal
    /bin/sh -c /tmp/pvpn-dd/Build/Intermediates.noindex/PrivateVPN.build/Debug-iphoneos/PrivateVPN.build/Script-59BA6819AF085081FBC84247.sh
[ -n "/opt/homebrew/Cellar/go/1.26.6/libexec" ]
mkdir -p "/tmp/pvpn-dd/Build/Intermediates.noindex/PrivateVPN.build/Debug-iphoneos/PrivateVPN.build/DerivedSources/wg-tmp/wireguard-go-bridge/goroot"
rsync -a --delete --exclude=pkg/obj/go-build "/opt/homebrew/Cellar/go/1.26.6/libexec/" "/tmp/pvpn-dd/Build/Intermediates.noindex/PrivateVPN.build/Debug-iphoneos/PrivateVPN.build/DerivedSources/wg-tmp/wireguard-go-bridge/goroot/"
cat goruntime-*.diff | patch -p1 -f -N -r- -d "/tmp/pvpn-dd/Build/Intermediates.noindex/PrivateVPN.build/Debug-iphoneos/PrivateVPN.build/DerivedSources/wg-tmp/wireguard-go-bridge/goroot"
patching file 'src/runtime/sys_darwin.go'
patching file 'src/runtime/sys_darwin_amd64.s'
patching file 'src/runtime/sys_darwin_arm64.s'
touch "/tmp/pvpn-dd/Build/Intermediates.noindex/PrivateVPN.build/Debug-iphoneos/PrivateVPN.build/DerivedSources/wg-tmp/wireguard-go-bridge/goroot/.prepared"
go build -ldflags=-w -trimpath -v -o "/tmp/pvpn-dd/Build/Intermediates.noindex/PrivateVPN.build/Debug-iphoneos/PrivateVPN.build/DerivedSources/wg-tmp/wireguard-go-bridge/libwg-go-arm64.a" -buildmode c-archive
rm -f "/tmp/pvpn-dd/Build/Intermediates.noindex/PrivateVPN.build/Debug-iphoneos/PrivateVPN.build/DerivedSources/wg-tmp/wireguard-go-bridge/libwg-go-arm64.h"
lipo -create -output "/tmp/pvpn-dd/Build/Intermediates.noindex/PrivateVPN.build/Debug-iphoneos/PrivateVPN.build/DerivedSources/wg/libwg-go.a" /tmp/pvpn-dd/Build/Intermediates.noindex/PrivateVPN.build/Debug-iphoneos/PrivateVPN.build/DerivedSources/wg-tmp/wireguard-go-bridge/libwg-go-arm64.a

Ld /tmp/pvpn-dd/Build/Products/Debug-iphoneos/PrivateVPN.app/__preview.dylib normal (in target 'PrivateVPN' from project 'PrivateVPN')
    cd /Volumes/BIWIN/SourcesCode/PrivateVPN
    /Applications/Xcode.app/Contents/Developer/Toolchains/XcodeDefault.xctoolchain/usr/bin/clang -Xlinker -reproducible -target arm64-apple-ios17.0 -dynamiclib -isysroot /Applications/Xcode.app/Contents/Developer/Platforms/iPhoneOS.platform/Developer/SDKs/iPhoneOS26.5.sdk -O0 -L/tmp/pvpn-dd/Build/Products/Debug-iphoneos -L/tmp/pvpn-dd/Build/Intermediates.noindex/PrivateVPN.build/Debug-iphoneos/PrivateVPN.build/DerivedSources/wg -F/tmp/pvpn-dd/Build/Products/Debug-iphoneos/PackageFrameworks -F/tmp/pvpn-dd/Build/Products/Debug-iphoneos/PackageFrameworks -F/tmp/pvpn-dd/Build/Products/Debug-iphoneos/PackageFrameworks -F/tmp/pvpn-dd/Build/Products/Debug-iphoneos -install_name @rpath/PrivateVPN.debug.dylib -Xlinker -dead_strip -rdynamic -Xlinker -no_deduplicate -Xlinker -dependency_info -Xlinker /tmp/pvpn-dd/Build/Intermediates.noindex/PrivateVPN.build/Debug-iphoneos/PrivateVPN.build/Objects-normal/arm64/PrivateVPN_dependency_info.dat -o /tmp/pvpn-dd/Build/Products/Debug-iphoneos/PrivateVPN.app/__preview.dylib

SwiftDriver PrivateVPN normal arm64 com.apple.xcode.tools.swift.compiler (in target 'PrivateVPN' from project 'PrivateVPN')
    cd /Volumes/BIWIN/SourcesCode/PrivateVPN
    builtin-SwiftDriver -- /Applications/Xcode.app/Contents/Developer/Toolchains/XcodeDefault.xctoolchain/usr/bin/swiftc -module-name PrivateVPN -Onone @/tmp/pvpn-dd/Build/Intermediates.noindex/PrivateVPN.build/Debug-iphoneos/PrivateVPN.build/Objects-normal/arm64/PrivateVPN.SwiftFileList -DDEBUG -enable-experimental-feature DebugDescriptionMacro -sdk /Applications/Xcode.app/Contents/Developer/Platforms/iPhoneOS.platform/Developer/SDKs/iPhoneOS26.5.sdk -target arm64-apple-ios17.0 -g -module-cache-path /tmp/pvpn-dd/ModuleCache.noindex -Xfrontend -serialize-debugging-options -enable-testing -index-store-path /tmp/pvpn-dd/Index.noindex/DataStore -Xcc -D_LIBCPP_HARDENING_MODE\=_LIBCPP_HARDENING_MODE_DEBUG -swift-version 6 -I /tmp/pvpn-dd/Build/Products/Debug-iphoneos -F /tmp/pvpn-dd/Build/Products/Debug-iphoneos/PackageFrameworks -F /tmp/pvpn-dd/Build/Products/Debug-iphoneos/PackageFrameworks -F /tmp/pvpn-dd/Build/Products/Debug-iphoneos/PackageFrameworks -F /tmp/pvpn-dd/Build/Products/Debug-iphoneos -c -j8 -enable-batch-mode -incremental -Xcc -ivfsstatcache -Xcc /tmp/pvpn-dd/SDKStatCaches.noindex/iphoneos26.5-23F81a-32daed1954a7d5dd0789fcaf2a9bb78b.sdkstatcache -output-file-map /tmp/pvpn-dd/Build/Intermediates.noindex/PrivateVPN.build/Debug-iphoneos/PrivateVPN.build/Objects-normal/arm64/PrivateVPN-OutputFileMap.json -use-frontend-parseable-output -save-temps -no-color-diagnostics -explicit-module-build -module-cache-path /tmp/pvpn-dd/Build/Intermediates.noindex/SwiftExplicitPrecompiledModules -clang-scanner-module-cache-path /tmp/pvpn-dd/ModuleCache.noindex -sdk-module-cache-path /tmp/pvpn-dd/ModuleCache.noindex -serialize-diagnostics -emit-dependencies -emit-module -emit-module-path /tmp/pvpn-dd/Build/Intermediates.noindex/PrivateVPN.build/Debug-iphoneos/PrivateVPN.build/Objects-normal/arm64/PrivateVPN.swiftmodule -validate-clang-modules-once -clang-build-session-file /tmp/pvpn-dd/ModuleCache.noindex/Session.modulevalidation -Xcc -I/tmp/pvpn-dd/Build/Intermediates.noindex/PrivateVPN.build/Debug-iphoneos/PrivateVPN.build/swift-overrides.hmap -emit-const-values -Xfrontend -const-gather-protocols-file -Xfrontend /tmp/pvpn-dd/Build/Intermediates.noindex/PrivateVPN.build/Debug-iphoneos/PrivateVPN.build/Objects-normal/arm64/PrivateVPN_const_extract_protocols.json -Xcc -iquote -Xcc /tmp/pvpn-dd/Build/Intermediates.noindex/PrivateVPN.build/Debug-iphoneos/PrivateVPN.build/PrivateVPN-generated-files.hmap -Xcc -I/tmp/pvpn-dd/Build/Intermediates.noindex/PrivateVPN.build/Debug-iphoneos/PrivateVPN.build/PrivateVPN-own-target-headers.hmap -Xcc -I/tmp/pvpn-dd/Build/Intermediates.noindex/PrivateVPN.build/Debug-iphoneos/PrivateVPN.build/PrivateVPN-all-non-framework-target-headers.hmap -Xcc -ivfsoverlay -Xcc /tmp/pvpn-dd/Build/Intermediates.noindex/PrivateVPN.build/Debug-iphoneos/PrivateVPN-3e357c95868f0b93e62acfafa95a57dd-VFS-iphoneos/all-product-headers.yaml -Xcc -iquote -Xcc /tmp/pvpn-dd/Build/Intermediates.noindex/PrivateVPN.build/Debug-iphoneos/PrivateVPN.build/PrivateVPN-project-headers.hmap -Xcc -I/Volumes/BIWIN/SourcesCode/PrivateVPN/Vendor/WireGuardKit/Sources/WireGuardKitC -Xcc -I/Volumes/BIWIN/SourcesCode/PrivateVPN/Vendor/WireGuardKit/Sources/WireGuardKitGo -Xcc -I/tmp/pvpn-dd/Build/Products/Debug-iphoneos/include -Xcc -I/tmp/pvpn-dd/Build/Intermediates.noindex/PrivateVPN.build/Debug-iphoneos/PrivateVPN.build/DerivedSources-normal/arm64 -Xcc -I/tmp/pvpn-dd/Build/Intermediates.noindex/PrivateVPN.build/Debug-iphoneos/PrivateVPN.build/DerivedSources/arm64 -Xcc -I/tmp/pvpn-dd/Build/Intermediates.noindex/PrivateVPN.build/Debug-iphoneos/PrivateVPN.build/DerivedSources -Xcc -DDEBUG\=1 -emit-objc-header -emit-objc-header-path /tmp/pvpn-dd/Build/Intermediates.noindex/PrivateVPN.build/Debug-iphoneos/PrivateVPN.build/Objects-normal/arm64/PrivateVPN-Swift.h -working-directory /Volumes/BIWIN/SourcesCode/PrivateVPN -experimental-emit-module-separately -disable-cmo

SwiftExplicitDependencyGeneratePcm arm64 /tmp/pvpn-dd/ModuleCache.noindex/ptrauth-2MWMOKGGWCVERD0Q8LSGN314T.pcm

SwiftExplicitDependencyGeneratePcm arm64 /tmp/pvpn-dd/ModuleCache.noindex/_SwiftConcurrencyShims-DTRAG8Z8PPP1LJEYNSD574T9B.pcm

SwiftExplicitDependencyGeneratePcm arm64 /tmp/pvpn-dd/ModuleCache.noindex/_Builtin_stdarg-BH5V93MB9HQUHXIUY6TIWLZL5.pcm

SwiftExplicitDependencyGeneratePcm arm64 /tmp/pvpn-dd/ModuleCache.noindex/_Builtin_float-1HPEC60QJQJCGQMRLHE2I8DJ8.pcm

SwiftExplicitDependencyGeneratePcm arm64 /tmp/pvpn-dd/ModuleCache.noindex/_AvailabilityInternal-57FADJLY887QC614QBL7IUNHM.pcm

SwiftExplicitDependencyGeneratePcm arm64 /tmp/pvpn-dd/ModuleCache.noindex/DeveloperToolsSupport-4QKREB6QPER8FXGM84TZ94B3Z.pcm

SwiftExplicitDependencyGeneratePcm arm64 /tmp/pvpn-dd/ModuleCache.noindex/ptrcheck-ACGW4K0SD12OXWAQFZH21PQDI.pcm

SwiftExplicitDependencyGeneratePcm arm64 /tmp/pvpn-dd/ModuleCache.noindex/_Builtin_stdbool-ANH6Y9QZJ89N3RHEQPY0NAZ8Q.pcm

SwiftExplicitDependencyGeneratePcm arm64 /tmp/pvpn-dd/ModuleCache.noindex/SwiftShims-EYR5BVX7D7Z9W1MTV742GQFVM.pcm

SwiftExplicitDependencyGeneratePcm arm64 /tmp/pvpn-dd/ModuleCache.noindex/_Builtin_stddef-6IMQO6YBN466LJXBK3ON1V3DB.pcm

SwiftExplicitDependencyGeneratePcm arm64 /tmp/pvpn-dd/ModuleCache.noindex/_DarwinFoundation1-88KHJS7Z6OQBG12L00GYI6MVM.pcm

SwiftExplicitDependencyGeneratePcm arm64 /tmp/pvpn-dd/ModuleCache.noindex/_DarwinFoundation2-3FH6H8TT9G7EW62PK8AV5ELOX.pcm

SwiftExplicitDependencyGeneratePcm arm64 /tmp/pvpn-dd/ModuleCache.noindex/_Builtin_limits-AIMEIEINL0F3H3L4D9Q5NIP6X.pcm

SwiftExplicitDependencyGeneratePcm arm64 /tmp/pvpn-dd/ModuleCache.noindex/ExtensionFoundation-BN4SZHI4NATPCFDGITNAW9JD7.pcm

SwiftExplicitDependencyGeneratePcm arm64 /tmp/pvpn-dd/ModuleCache.noindex/_Builtin_stdint-7Z3N5A0SPDMUZ9K0H8NFT9DZW.pcm

SwiftExplicitDependencyGeneratePcm arm64 /tmp/pvpn-dd/ModuleCache.noindex/_Builtin_tgmath-AYWDW4AYVWATBTM5VEREDJF2Z.pcm

SwiftExplicitDependencyGeneratePcm arm64 /tmp/pvpn-dd/ModuleCache.noindex/sys_types-AC7IH5KI9OEH7B6F5LNO1CKF7.pcm

SwiftExplicitDependencyGeneratePcm arm64 /tmp/pvpn-dd/ModuleCache.noindex/_Builtin_intrinsics-7TU77JDYLS2P2GCRRN5FYQY3N.pcm

SwiftExplicitDependencyGeneratePcm arm64 /tmp/pvpn-dd/ModuleCache.noindex/_DarwinFoundation3-2T5JGT3YBG4VS7FP15191YDR6.pcm

SwiftExplicitDependencyGeneratePcm arm64 /tmp/pvpn-dd/ModuleCache.noindex/_Builtin_stdatomic-A9PJKM4A9P2TTCQ9LZUX6T0XP.pcm

SwiftExplicitDependencyGeneratePcm arm64 /tmp/pvpn-dd/Build/Intermediates.noindex/SwiftExplicitPrecompiledModules/WireGuardKitGo-92F335CUAIKGWY3PGTGFLD1C.pcm

SwiftExplicitDependencyGeneratePcm arm64 /tmp/pvpn-dd/Build/Intermediates.noindex/SwiftExplicitPrecompiledModules/WireGuardKitC-8GYYF6K5UDOHOAOU55JDX37T4.pcm

SwiftExplicitDependencyGeneratePcm arm64 /tmp/pvpn-dd/ModuleCache.noindex/_Builtin_inttypes-90PVLWX388RUJQEQU5Y5K62R7.pcm

SwiftExplicitDependencyGeneratePcm arm64 /tmp/pvpn-dd/ModuleCache.noindex/Darwin-3IZ32NFI9HB5VVM7AOPITIPCR.pcm

SwiftExplicitDependencyGeneratePcm arm64 /tmp/pvpn-dd/ModuleCache.noindex/simd-D39DGQYPVZ1Y4RTJYC1NOT69V.pcm

SwiftExplicitDependencyGeneratePcm arm64 /tmp/pvpn-dd/ModuleCache.noindex/MachO-10O5HSXOQ4Z4DJAQG6RCXPQAO.pcm

SwiftExplicitDependencyGeneratePcm arm64 /tmp/pvpn-dd/ModuleCache.noindex/ObjectiveC-8T6BM9TY5MAJZ4XJOSIBGAME4.pcm

SwiftExplicitDependencyGeneratePcm arm64 /tmp/pvpn-dd/ModuleCache.noindex/os_object-DJVXOT4JXY1OVDK2J3BRE9IUX.pcm

SwiftExplicitDependencyGeneratePcm arm64 /tmp/pvpn-dd/ModuleCache.noindex/Spatial-5FP3YBB85GT4RYGHT5E51E44N.pcm

SwiftExplicitDependencyGeneratePcm arm64 /tmp/pvpn-dd/ModuleCache.noindex/os_workgroup-1JS14SH5DM0FLJJVEM6U91RJ1.pcm

SwiftExplicitDependencyGeneratePcm arm64 /tmp/pvpn-dd/ModuleCache.noindex/Dispatch-DCT8RHBHBWBSOTEAQTR3DIOCF.pcm

SwiftExplicitDependencyGeneratePcm arm64 /tmp/pvpn-dd/ModuleCache.noindex/dnssd-4GBVUSGIRH92S4CQNHHRWJ7HM.pcm

SwiftExplicitDependencyGeneratePcm arm64 /tmp/pvpn-dd/ModuleCache.noindex/XPC-236UGA91GJFHWAQRTYRKDJ3SY.pcm

SwiftExplicitDependencyGeneratePcm arm64 /tmp/pvpn-dd/ModuleCache.noindex/CoreFoundation-DYMVWY1SIRC2VINYWY5L4F8D0.pcm

SwiftExplicitDependencyGeneratePcm arm64 /tmp/pvpn-dd/ModuleCache.noindex/os-32MDSW9N333RR9P7O7U5JBXQJ.pcm

SwiftExplicitDependencyGeneratePcm arm64 /tmp/pvpn-dd/ModuleCache.noindex/CoreGraphics-6PPCXQL0774PWFN5FTH5HG3CI.pcm

SwiftExplicitDependencyGeneratePcm arm64 /tmp/pvpn-dd/ModuleCache.noindex/CFNetwork-12N0YCE3FYRIXBGMXEW3YAUT.pcm

SwiftExplicitDependencyGeneratePcm arm64 /tmp/pvpn-dd/ModuleCache.noindex/Security-79IY6SF0LLGSF5RWWL1UNBQY3.pcm

SwiftExplicitDependencyGeneratePcm arm64 /tmp/pvpn-dd/ModuleCache.noindex/Foundation-249SY3WWYUE3Z4M2PAAK4Q4SJ.pcm

SwiftExplicitDependencyGeneratePcm arm64 /tmp/pvpn-dd/ModuleCache.noindex/CoreText-5PFI36MZ03NR2Z1WRIN18VHZM.pcm

SwiftExplicitDependencyGeneratePcm arm64 /tmp/pvpn-dd/ModuleCache.noindex/ImageIO-9FK4I7ET497U3SRZ1UTMHMK5Z.pcm

SwiftExplicitDependencyGeneratePcm arm64 /tmp/pvpn-dd/ModuleCache.noindex/CoreTransferable-50TOTPHNKQ6MYMU2B1UHMZ00F.pcm

SwiftExplicitDependencyGeneratePcm arm64 /tmp/pvpn-dd/ModuleCache.noindex/FileProvider-5EO0DGLXRO9DWBKBVJ1L7NH8K.pcm

SwiftExplicitDependencyGeneratePcm arm64 /tmp/pvpn-dd/ModuleCache.noindex/Network-DI0BDSBSW1JSYTFED1YEBAM4X.pcm

SwiftExplicitDependencyGeneratePcm arm64 /tmp/pvpn-dd/ModuleCache.noindex/UserNotifications-9LVLMS3LBR82IAAP8GVQA4Q1A.pcm

SwiftExplicitDependencyGeneratePcm arm64 /tmp/pvpn-dd/ModuleCache.noindex/Accessibility-BKJRBGKGTTLB9YCJ6XKIRG710.pcm

SwiftExplicitDependencyGeneratePcm arm64 /tmp/pvpn-dd/ModuleCache.noindex/DataDetection-R2LWK61WV3WGZCZEPRBEYMJ4.pcm

SwiftExplicitDependencyGeneratePcm arm64 /tmp/pvpn-dd/ModuleCache.noindex/IOSurface-BXHZYH5YM1UKAK0IM21QZLJ95.pcm

SwiftExplicitDependencyGeneratePcm arm64 /tmp/pvpn-dd/ModuleCache.noindex/CoreData-IA7RR1Z8CCVBOIJZIL2QUWTZ.pcm

SwiftExplicitDependencyGeneratePcm arm64 /tmp/pvpn-dd/ModuleCache.noindex/UIUtilities-5M6TO1PITOGUM5LPY973LAFU7.pcm

SwiftExplicitDependencyGeneratePcm arm64 /tmp/pvpn-dd/ModuleCache.noindex/OSLog-6IXHZKISCI1QWS566R6R3LYTZ.pcm

SwiftExplicitDependencyGeneratePcm arm64 /tmp/pvpn-dd/ModuleCache.noindex/Symbols-D8BX134KA3DJAPWCERZ1PHC8.pcm

SwiftExplicitDependencyGeneratePcm arm64 /tmp/pvpn-dd/ModuleCache.noindex/Metal-E0GZIPR51Y8J5TOZ2P89W2FYQ.pcm

SwiftExplicitDependencyGeneratePcm arm64 /tmp/pvpn-dd/ModuleCache.noindex/OpenGLES-EVLYPRMNOYO863NB50K4ITJFQ.pcm

SwiftExplicitDependencyGeneratePcm arm64 /tmp/pvpn-dd/ModuleCache.noindex/UniformTypeIdentifiers-9MSMW92LYGDG8A8BWDXXV3VCW.pcm

SwiftExplicitDependencyGeneratePcm arm64 /tmp/pvpn-dd/ModuleCache.noindex/NetworkExtension-A9MD98OMC3VZ8I3TF44ZIDTXL.pcm

SwiftExplicitDependencyGeneratePcm arm64 /tmp/pvpn-dd/ModuleCache.noindex/CoreVideo-1C8UFMOOLQEL9USKTZC7Y6R4R.pcm

SwiftExplicitDependencyGeneratePcm arm64 /tmp/pvpn-dd/ModuleCache.noindex/CoreImage-251WRB6FCT8N07NKAX1YLLBLY.pcm

SwiftExplicitDependencyGeneratePcm arm64 /tmp/pvpn-dd/ModuleCache.noindex/QuartzCore-3NO2AHMBHQRF9B6U6PAA52AH3.pcm

SwiftExplicitDependencyGeneratePcm arm64 /tmp/pvpn-dd/ModuleCache.noindex/SwiftUICore-83D2861GFG3DUEJ3A1AH5ZWVC.pcm

SwiftExplicitDependencyGeneratePcm arm64 /tmp/pvpn-dd/ModuleCache.noindex/UIKit-CA6QQY3TEKPMNGS3OMMAI678H.pcm

SwiftExplicitDependencyGeneratePcm arm64 /tmp/pvpn-dd/ModuleCache.noindex/SwiftUI-57MB55QUHA100RY2QU93FVBAY.pcm

SwiftEmitModule normal arm64 Emitting\ module\ for\ PrivateVPN (in target 'PrivateVPN' from project 'PrivateVPN')

EmitSwiftModule normal arm64 (in target 'PrivateVPN' from project 'PrivateVPN')
    cd /Volumes/BIWIN/SourcesCode/PrivateVPN
    

SwiftCompile normal arm64 Compiling\ VPNState.swift /Volumes/BIWIN/SourcesCode/PrivateVPN/iOS/PrivateVPN/VPNState.swift (in target 'PrivateVPN' from project 'PrivateVPN')

SwiftCompile normal arm64 /Volumes/BIWIN/SourcesCode/PrivateVPN/iOS/PrivateVPN/VPNState.swift (in target 'PrivateVPN' from project 'PrivateVPN')
    cd /Volumes/BIWIN/SourcesCode/PrivateVPN
    

SwiftCompile normal arm64 Compiling\ WireGuardConfig.swift /Volumes/BIWIN/SourcesCode/PrivateVPN/iOS/PrivateVPN/Services/WireGuardConfig.swift (in target 'PrivateVPN' from project 'PrivateVPN')

SwiftCompile normal arm64 /Volumes/BIWIN/SourcesCode/PrivateVPN/iOS/PrivateVPN/Services/WireGuardConfig.swift (in target 'PrivateVPN' from project 'PrivateVPN')
    cd /Volumes/BIWIN/SourcesCode/PrivateVPN
    

SwiftCompile normal arm64 Compiling\ VPNManager.swift /Volumes/BIWIN/SourcesCode/PrivateVPN/iOS/PrivateVPN/VPNManager.swift (in target 'PrivateVPN' from project 'PrivateVPN')
SwiftCompile normal arm64 /Volumes/BIWIN/SourcesCode/PrivateVPN/iOS/PrivateVPN/VPNManager.swift (in target 'PrivateVPN' from project 'PrivateVPN')
    cd /Volumes/BIWIN/SourcesCode/PrivateVPN
    
/Volumes/BIWIN/SourcesCode/PrivateVPN/iOS/PrivateVPN/VPNManager.swift:102:16: warning: no calls to throwing functions occur within 'try' expression
        return try config.makeWireGuardConfig(privateKey: privateKey)
               ^

SwiftCompile normal arm64 Compiling\ SettingsView.swift /Volumes/BIWIN/SourcesCode/PrivateVPN/iOS/PrivateVPN/SettingsView.swift (in target 'PrivateVPN' from project 'PrivateVPN')
SwiftCompile normal arm64 /Volumes/BIWIN/SourcesCode/PrivateVPN/iOS/PrivateVPN/SettingsView.swift (in target 'PrivateVPN' from project 'PrivateVPN')
    cd /Volumes/BIWIN/SourcesCode/PrivateVPN
    

SwiftCompile normal arm64 Compiling\ VPNConfigStore.swift /Volumes/BIWIN/SourcesCode/PrivateVPN/iOS/PrivateVPN/Services/VPNConfigStore.swift (in target 'PrivateVPN' from project 'PrivateVPN')

SwiftCompile normal arm64 /Volumes/BIWIN/SourcesCode/PrivateVPN/iOS/PrivateVPN/Services/VPNConfigStore.swift (in target 'PrivateVPN' from project 'PrivateVPN')
    cd /Volumes/BIWIN/SourcesCode/PrivateVPN
    

SwiftCompile normal arm64 Compiling\ ContentView.swift,\ ControlAPIClient.swift /Volumes/BIWIN/SourcesCode/PrivateVPN/iOS/PrivateVPN/ContentView.swift /Volumes/BIWIN/SourcesCode/PrivateVPN/iOS/PrivateVPN/Services/ControlAPIClient.swift (in target 'PrivateVPN' from project 'PrivateVPN')

SwiftCompile normal arm64 /Volumes/BIWIN/SourcesCode/PrivateVPN/iOS/PrivateVPN/ContentView.swift (in target 'PrivateVPN' from project 'PrivateVPN')
    cd /Volumes/BIWIN/SourcesCode/PrivateVPN
    

SwiftCompile normal arm64 /Volumes/BIWIN/SourcesCode/PrivateVPN/iOS/PrivateVPN/Services/ControlAPIClient.swift (in target 'PrivateVPN' from project 'PrivateVPN')
    cd /Volumes/BIWIN/SourcesCode/PrivateVPN
    

SwiftCompile normal arm64 Compiling\ VPNLocation.swift /Volumes/BIWIN/SourcesCode/PrivateVPN/iOS/PrivateVPN/Services/VPNLocation.swift (in target 'PrivateVPN' from project 'PrivateVPN')

SwiftCompile normal arm64 /Volumes/BIWIN/SourcesCode/PrivateVPN/iOS/PrivateVPN/Services/VPNLocation.swift (in target 'PrivateVPN' from project 'PrivateVPN')
    cd /Volumes/BIWIN/SourcesCode/PrivateVPN
    

SwiftCompile normal arm64 Compiling\ KeychainStore.swift,\ PrivateVPNApp.swift /Volumes/BIWIN/SourcesCode/PrivateVPN/iOS/PrivateVPN/Services/KeychainStore.swift /Volumes/BIWIN/SourcesCode/PrivateVPN/iOS/PrivateVPN/PrivateVPNApp.swift (in target 'PrivateVPN' from project 'PrivateVPN')

SwiftCompile normal arm64 /Volumes/BIWIN/SourcesCode/PrivateVPN/iOS/PrivateVPN/Services/KeychainStore.swift (in target 'PrivateVPN' from project 'PrivateVPN')
    cd /Volumes/BIWIN/SourcesCode/PrivateVPN
    

SwiftCompile normal arm64 /Volumes/BIWIN/SourcesCode/PrivateVPN/iOS/PrivateVPN/PrivateVPNApp.swift (in target 'PrivateVPN' from project 'PrivateVPN')
    cd /Volumes/BIWIN/SourcesCode/PrivateVPN
    

SwiftDriverJobDiscovery normal arm64 Compiling VPNState.swift (in target 'PrivateVPN' from project 'PrivateVPN')

SwiftDriverJobDiscovery normal arm64 Compiling VPNLocation.swift (in target 'PrivateVPN' from project 'PrivateVPN')

SwiftDriverJobDiscovery normal arm64 Compiling WireGuardConfig.swift (in target 'PrivateVPN' from project 'PrivateVPN')

SwiftDriverJobDiscovery normal arm64 Compiling VPNConfigStore.swift (in target 'PrivateVPN' from project 'PrivateVPN')

SwiftDriverJobDiscovery normal arm64 Emitting module for PrivateVPN (in target 'PrivateVPN' from project 'PrivateVPN')

SwiftDriver\ Compilation\ Requirements PrivateVPN normal arm64 com.apple.xcode.tools.swift.compiler (in target 'PrivateVPN' from project 'PrivateVPN')
    cd /Volumes/BIWIN/SourcesCode/PrivateVPN
    builtin-Swift-Compilation-Requirements -- /Applications/Xcode.app/Contents/Developer/Toolchains/XcodeDefault.xctoolchain/usr/bin/swiftc -module-name PrivateVPN -Onone @/tmp/pvpn-dd/Build/Intermediates.noindex/PrivateVPN.build/Debug-iphoneos/PrivateVPN.build/Objects-normal/arm64/PrivateVPN.SwiftFileList -DDEBUG -enable-experimental-feature DebugDescriptionMacro -sdk /Applications/Xcode.app/Contents/Developer/Platforms/iPhoneOS.platform/Developer/SDKs/iPhoneOS26.5.sdk -target arm64-apple-ios17.0 -g -module-cache-path /tmp/pvpn-dd/ModuleCache.noindex -Xfrontend -serialize-debugging-options -enable-testing -index-store-path /tmp/pvpn-dd/Index.noindex/DataStore -Xcc -D_LIBCPP_HARDENING_MODE\=_LIBCPP_HARDENING_MODE_DEBUG -swift-version 6 -I /tmp/pvpn-dd/Build/Products/Debug-iphoneos -F /tmp/pvpn-dd/Build/Products/Debug-iphoneos/PackageFrameworks -F /tmp/pvpn-dd/Build/Products/Debug-iphoneos/PackageFrameworks -F /tmp/pvpn-dd/Build/Products/Debug-iphoneos/PackageFrameworks -F /tmp/pvpn-dd/Build/Products/Debug-iphoneos -c -j8 -enable-batch-mode -incremental -Xcc -ivfsstatcache -Xcc /tmp/pvpn-dd/SDKStatCaches.noindex/iphoneos26.5-23F81a-32daed1954a7d5dd0789fcaf2a9bb78b.sdkstatcache -output-file-map /tmp/pvpn-dd/Build/Intermediates.noindex/PrivateVPN.build/Debug-iphoneos/PrivateVPN.build/Objects-normal/arm64/PrivateVPN-OutputFileMap.json -use-frontend-parseable-output -save-temps -no-color-diagnostics -explicit-module-build -module-cache-path /tmp/pvpn-dd/Build/Intermediates.noindex/SwiftExplicitPrecompiledModules -clang-scanner-module-cache-path /tmp/pvpn-dd/ModuleCache.noindex -sdk-module-cache-path /tmp/pvpn-dd/ModuleCache.noindex -serialize-diagnostics -emit-dependencies -emit-module -emit-module-path /tmp/pvpn-dd/Build/Intermediates.noindex/PrivateVPN.build/Debug-iphoneos/PrivateVPN.build/Objects-normal/arm64/PrivateVPN.swiftmodule -validate-clang-modules-once -clang-build-session-file /tmp/pvpn-dd/ModuleCache.noindex/Session.modulevalidation -Xcc -I/tmp/pvpn-dd/Build/Intermediates.noindex/PrivateVPN.build/Debug-iphoneos/PrivateVPN.build/swift-overrides.hmap -emit-const-values -Xfrontend -const-gather-protocols-file -Xfrontend /tmp/pvpn-dd/Build/Intermediates.noindex/PrivateVPN.build/Debug-iphoneos/PrivateVPN.build/Objects-normal/arm64/PrivateVPN_const_extract_protocols.json -Xcc -iquote -Xcc /tmp/pvpn-dd/Build/Intermediates.noindex/PrivateVPN.build/Debug-iphoneos/PrivateVPN.build/PrivateVPN-generated-files.hmap -Xcc -I/tmp/pvpn-dd/Build/Intermediates.noindex/PrivateVPN.build/Debug-iphoneos/PrivateVPN.build/PrivateVPN-own-target-headers.hmap -Xcc -I/tmp/pvpn-dd/Build/Intermediates.noindex/PrivateVPN.build/Debug-iphoneos/PrivateVPN.build/PrivateVPN-all-non-framework-target-headers.hmap -Xcc -ivfsoverlay -Xcc /tmp/pvpn-dd/Build/Intermediates.noindex/PrivateVPN.build/Debug-iphoneos/PrivateVPN-3e357c95868f0b93e62acfafa95a57dd-VFS-iphoneos/all-product-headers.yaml -Xcc -iquote -Xcc /tmp/pvpn-dd/Build/Intermediates.noindex/PrivateVPN.build/Debug-iphoneos/PrivateVPN.build/PrivateVPN-project-headers.hmap -Xcc -I/Volumes/BIWIN/SourcesCode/PrivateVPN/Vendor/WireGuardKit/Sources/WireGuardKitC -Xcc -I/Volumes/BIWIN/SourcesCode/PrivateVPN/Vendor/WireGuardKit/Sources/WireGuardKitGo -Xcc -I/tmp/pvpn-dd/Build/Products/Debug-iphoneos/include -Xcc -I/tmp/pvpn-dd/Build/Intermediates.noindex/PrivateVPN.build/Debug-iphoneos/PrivateVPN.build/DerivedSources-normal/arm64 -Xcc -I/tmp/pvpn-dd/Build/Intermediates.noindex/PrivateVPN.build/Debug-iphoneos/PrivateVPN.build/DerivedSources/arm64 -Xcc -I/tmp/pvpn-dd/Build/Intermediates.noindex/PrivateVPN.build/Debug-iphoneos/PrivateVPN.build/DerivedSources -Xcc -DDEBUG\=1 -emit-objc-header -emit-objc-header-path /tmp/pvpn-dd/Build/Intermediates.noindex/PrivateVPN.build/Debug-iphoneos/PrivateVPN.build/Objects-normal/arm64/PrivateVPN-Swift.h -working-directory /Volumes/BIWIN/SourcesCode/PrivateVPN -experimental-emit-module-separately -disable-cmo

SwiftMergeGeneratedHeaders /tmp/pvpn-dd/Build/Intermediates.noindex/PrivateVPN.build/Debug-iphoneos/PrivateVPN.build/DerivedSources/PrivateVPN-Swift.h /tmp/pvpn-dd/Build/Intermediates.noindex/PrivateVPN.build/Debug-iphoneos/PrivateVPN.build/Objects-normal/arm64/PrivateVPN-Swift.h (in target 'PrivateVPN' from project 'PrivateVPN')
    cd /Volumes/BIWIN/SourcesCode/PrivateVPN
    builtin-swiftHeaderTool -arch arm64 /tmp/pvpn-dd/Build/Intermediates.noindex/PrivateVPN.build/Debug-iphoneos/PrivateVPN.build/Objects-normal/arm64/PrivateVPN-Swift.h -o /tmp/pvpn-dd/Build/Intermediates.noindex/PrivateVPN.build/Debug-iphoneos/PrivateVPN.build/DerivedSources/PrivateVPN-Swift.h

Copy /tmp/pvpn-dd/Build/Products/Debug-iphoneos/PrivateVPN.swiftmodule/arm64-apple-ios.swiftmodule /tmp/pvpn-dd/Build/Intermediates.noindex/PrivateVPN.build/Debug-iphoneos/PrivateVPN.build/Objects-normal/arm64/PrivateVPN.swiftmodule (in target 'PrivateVPN' from project 'PrivateVPN')
    cd /Volumes/BIWIN/SourcesCode/PrivateVPN
    builtin-copy -exclude .DS_Store -exclude CVS -exclude .svn -exclude .git -exclude .hg -resolve-src-symlinks -rename /tmp/pvpn-dd/Build/Intermediates.noindex/PrivateVPN.build/Debug-iphoneos/PrivateVPN.build/Objects-normal/arm64/PrivateVPN.swiftmodule /tmp/pvpn-dd/Build/Products/Debug-iphoneos/PrivateVPN.swiftmodule/arm64-apple-ios.swiftmodule

Copy /tmp/pvpn-dd/Build/Products/Debug-iphoneos/PrivateVPN.swiftmodule/arm64-apple-ios.abi.json /tmp/pvpn-dd/Build/Intermediates.noindex/PrivateVPN.build/Debug-iphoneos/PrivateVPN.build/Objects-normal/arm64/PrivateVPN.abi.json (in target 'PrivateVPN' from project 'PrivateVPN')
    cd /Volumes/BIWIN/SourcesCode/PrivateVPN
    builtin-copy -exclude .DS_Store -exclude CVS -exclude .svn -exclude .git -exclude .hg -resolve-src-symlinks -rename /tmp/pvpn-dd/Build/Intermediates.noindex/PrivateVPN.build/Debug-iphoneos/PrivateVPN.build/Objects-normal/arm64/PrivateVPN.abi.json /tmp/pvpn-dd/Build/Products/Debug-iphoneos/PrivateVPN.swiftmodule/arm64-apple-ios.abi.json

Copy /tmp/pvpn-dd/Build/Products/Debug-iphoneos/PrivateVPN.swiftmodule/arm64-apple-ios.swiftdoc /tmp/pvpn-dd/Build/Intermediates.noindex/PrivateVPN.build/Debug-iphoneos/PrivateVPN.build/Objects-normal/arm64/PrivateVPN.swiftdoc (in target 'PrivateVPN' from project 'PrivateVPN')
    cd /Volumes/BIWIN/SourcesCode/PrivateVPN
    builtin-copy -exclude .DS_Store -exclude CVS -exclude .svn -exclude .git -exclude .hg -resolve-src-symlinks -rename /tmp/pvpn-dd/Build/Intermediates.noindex/PrivateVPN.build/Debug-iphoneos/PrivateVPN.build/Objects-normal/arm64/PrivateVPN.swiftdoc /tmp/pvpn-dd/Build/Products/Debug-iphoneos/PrivateVPN.swiftmodule/arm64-apple-ios.swiftdoc

Copy /tmp/pvpn-dd/Build/Products/Debug-iphoneos/PrivateVPN.swiftmodule/Project/arm64-apple-ios.swiftsourceinfo /tmp/pvpn-dd/Build/Intermediates.noindex/PrivateVPN.build/Debug-iphoneos/PrivateVPN.build/Objects-normal/arm64/PrivateVPN.swiftsourceinfo (in target 'PrivateVPN' from project 'PrivateVPN')
    cd /Volumes/BIWIN/SourcesCode/PrivateVPN
    builtin-copy -exclude .DS_Store -exclude CVS -exclude .svn -exclude .git -exclude .hg -resolve-src-symlinks -rename /tmp/pvpn-dd/Build/Intermediates.noindex/PrivateVPN.build/Debug-iphoneos/PrivateVPN.build/Objects-normal/arm64/PrivateVPN.swiftsourceinfo /tmp/pvpn-dd/Build/Products/Debug-iphoneos/PrivateVPN.swiftmodule/Project/arm64-apple-ios.swiftsourceinfo

SwiftDriverJobDiscovery normal arm64 Compiling KeychainStore.swift, PrivateVPNApp.swift (in target 'PrivateVPN' from project 'PrivateVPN')

SwiftDriverJobDiscovery normal arm64 Compiling VPNManager.swift (in target 'PrivateVPN' from project 'PrivateVPN')

SwiftDriverJobDiscovery normal arm64 Compiling ContentView.swift, ControlAPIClient.swift (in target 'PrivateVPN' from project 'PrivateVPN')

SwiftDriverJobDiscovery normal arm64 Compiling SettingsView.swift (in target 'PrivateVPN' from project 'PrivateVPN')

SwiftDriver\ Compilation PrivateVPN normal arm64 com.apple.xcode.tools.swift.compiler (in target 'PrivateVPN' from project 'PrivateVPN')
    cd /Volumes/BIWIN/SourcesCode/PrivateVPN
    builtin-Swift-Compilation -- /Applications/Xcode.app/Contents/Developer/Toolchains/XcodeDefault.xctoolchain/usr/bin/swiftc -module-name PrivateVPN -Onone @/tmp/pvpn-dd/Build/Intermediates.noindex/PrivateVPN.build/Debug-iphoneos/PrivateVPN.build/Objects-normal/arm64/PrivateVPN.SwiftFileList -DDEBUG -enable-experimental-feature DebugDescriptionMacro -sdk /Applications/Xcode.app/Contents/Developer/Platforms/iPhoneOS.platform/Developer/SDKs/iPhoneOS26.5.sdk -target arm64-apple-ios17.0 -g -module-cache-path /tmp/pvpn-dd/ModuleCache.noindex -Xfrontend -serialize-debugging-options -enable-testing -index-store-path /tmp/pvpn-dd/Index.noindex/DataStore -Xcc -D_LIBCPP_HARDENING_MODE\=_LIBCPP_HARDENING_MODE_DEBUG -swift-version 6 -I /tmp/pvpn-dd/Build/Products/Debug-iphoneos -F /tmp/pvpn-dd/Build/Products/Debug-iphoneos/PackageFrameworks -F /tmp/pvpn-dd/Build/Products/Debug-iphoneos/PackageFrameworks -F /tmp/pvpn-dd/Build/Products/Debug-iphoneos/PackageFrameworks -F /tmp/pvpn-dd/Build/Products/Debug-iphoneos -c -j8 -enable-batch-mode -incremental -Xcc -ivfsstatcache -Xcc /tmp/pvpn-dd/SDKStatCaches.noindex/iphoneos26.5-23F81a-32daed1954a7d5dd0789fcaf2a9bb78b.sdkstatcache -output-file-map /tmp/pvpn-dd/Build/Intermediates.noindex/PrivateVPN.build/Debug-iphoneos/PrivateVPN.build/Objects-normal/arm64/PrivateVPN-OutputFileMap.json -use-frontend-parseable-output -save-temps -no-color-diagnostics -explicit-module-build -module-cache-path /tmp/pvpn-dd/Build/Intermediates.noindex/SwiftExplicitPrecompiledModules -clang-scanner-module-cache-path /tmp/pvpn-dd/ModuleCache.noindex -sdk-module-cache-path /tmp/pvpn-dd/ModuleCache.noindex -serialize-diagnostics -emit-dependencies -emit-module -emit-module-path /tmp/pvpn-dd/Build/Intermediates.noindex/PrivateVPN.build/Debug-iphoneos/PrivateVPN.build/Objects-normal/arm64/PrivateVPN.swiftmodule -validate-clang-modules-once -clang-build-session-file /tmp/pvpn-dd/ModuleCache.noindex/Session.modulevalidation -Xcc -I/tmp/pvpn-dd/Build/Intermediates.noindex/PrivateVPN.build/Debug-iphoneos/PrivateVPN.build/swift-overrides.hmap -emit-const-values -Xfrontend -const-gather-protocols-file -Xfrontend /tmp/pvpn-dd/Build/Intermediates.noindex/PrivateVPN.build/Debug-iphoneos/PrivateVPN.build/Objects-normal/arm64/PrivateVPN_const_extract_protocols.json -Xcc -iquote -Xcc /tmp/pvpn-dd/Build/Intermediates.noindex/PrivateVPN.build/Debug-iphoneos/PrivateVPN.build/PrivateVPN-generated-files.hmap -Xcc -I/tmp/pvpn-dd/Build/Intermediates.noindex/PrivateVPN.build/Debug-iphoneos/PrivateVPN.build/PrivateVPN-own-target-headers.hmap -Xcc -I/tmp/pvpn-dd/Build/Intermediates.noindex/PrivateVPN.build/Debug-iphoneos/PrivateVPN.build/PrivateVPN-all-non-framework-target-headers.hmap -Xcc -ivfsoverlay -Xcc /tmp/pvpn-dd/Build/Intermediates.noindex/PrivateVPN.build/Debug-iphoneos/PrivateVPN-3e357c95868f0b93e62acfafa95a57dd-VFS-iphoneos/all-product-headers.yaml -Xcc -iquote -Xcc /tmp/pvpn-dd/Build/Intermediates.noindex/PrivateVPN.build/Debug-iphoneos/PrivateVPN.build/PrivateVPN-project-headers.hmap -Xcc -I/Volumes/BIWIN/SourcesCode/PrivateVPN/Vendor/WireGuardKit/Sources/WireGuardKitC -Xcc -I/Volumes/BIWIN/SourcesCode/PrivateVPN/Vendor/WireGuardKit/Sources/WireGuardKitGo -Xcc -I/tmp/pvpn-dd/Build/Products/Debug-iphoneos/include -Xcc -I/tmp/pvpn-dd/Build/Intermediates.noindex/PrivateVPN.build/Debug-iphoneos/PrivateVPN.build/DerivedSources-normal/arm64 -Xcc -I/tmp/pvpn-dd/Build/Intermediates.noindex/PrivateVPN.build/Debug-iphoneos/PrivateVPN.build/DerivedSources/arm64 -Xcc -I/tmp/pvpn-dd/Build/Intermediates.noindex/PrivateVPN.build/Debug-iphoneos/PrivateVPN.build/DerivedSources -Xcc -DDEBUG\=1 -emit-objc-header -emit-objc-header-path /tmp/pvpn-dd/Build/Intermediates.noindex/PrivateVPN.build/Debug-iphoneos/PrivateVPN.build/Objects-normal/arm64/PrivateVPN-Swift.h -working-directory /Volumes/BIWIN/SourcesCode/PrivateVPN -experimental-emit-module-separately -disable-cmo

Ld /tmp/pvpn-dd/Build/Products/Debug-iphoneos/PrivateVPN.app/PrivateVPN.debug.dylib normal (in target 'PrivateVPN' from project 'PrivateVPN')
    cd /Volumes/BIWIN/SourcesCode/PrivateVPN
    /Applications/Xcode.app/Contents/Developer/Toolchains/XcodeDefault.xctoolchain/usr/bin/clang -Xlinker -reproducible -target arm64-apple-ios17.0 -dynamiclib -isysroot /Applications/Xcode.app/Contents/Developer/Platforms/iPhoneOS.platform/Developer/SDKs/iPhoneOS26.5.sdk -O0 -L/tmp/pvpn-dd/Build/Intermediates.noindex/EagerLinkingTBDs/Debug-iphoneos -L/tmp/pvpn-dd/Build/Products/Debug-iphoneos -L/tmp/pvpn-dd/Build/Intermediates.noindex/PrivateVPN.build/Debug-iphoneos/PrivateVPN.build/DerivedSources/wg -F/tmp/pvpn-dd/Build/Intermediates.noindex/EagerLinkingTBDs/Debug-iphoneos -F/tmp/pvpn-dd/Build/Products/Debug-iphoneos/PackageFrameworks -F/tmp/pvpn-dd/Build/Products/Debug-iphoneos/PackageFrameworks -F/tmp/pvpn-dd/Build/Products/Debug-iphoneos/PackageFrameworks -F/tmp/pvpn-dd/Build/Products/Debug-iphoneos -filelist /tmp/pvpn-dd/Build/Intermediates.noindex/PrivateVPN.build/Debug-iphoneos/PrivateVPN.build/Objects-normal/arm64/PrivateVPN.LinkFileList -install_name @rpath/PrivateVPN.debug.dylib -Xlinker -rpath -Xlinker /usr/lib/swift -Xlinker -rpath -Xlinker /tmp/pvpn-dd/Build/Products/Debug-iphoneos/PackageFrameworks -Xlinker -rpath -Xlinker @executable_path/Frameworks -Xlinker -dead_strip -Xlinker -object_path_lto -Xlinker /tmp/pvpn-dd/Build/Intermediates.noindex/PrivateVPN.build/Debug-iphoneos/PrivateVPN.build/Objects-normal/arm64/PrivateVPN_lto.o -rdynamic -Xlinker -no_deduplicate -Xlinker -dependency_info -Xlinker /tmp/pvpn-dd/Build/Intermediates.noindex/PrivateVPN.build/Debug-iphoneos/PrivateVPN.build/Objects-normal/arm64/PrivateVPN_dependency_info.dat -fobjc-link-runtime -L/Applications/Xcode.app/Contents/Developer/Toolchains/XcodeDefault.xctoolchain/usr/lib/swift/iphoneos -L/usr/lib/swift -Xlinker -add_ast_path -Xlinker /tmp/pvpn-dd/Build/Intermediates.noindex/PrivateVPN.build/Debug-iphoneos/PrivateVPN.build/Objects-normal/arm64/PrivateVPN.swiftmodule @/tmp/pvpn-dd/Build/Intermediates.noindex/PrivateVPN.build/Debug-iphoneos/PrivateVPN.build/Objects-normal/arm64/PrivateVPN-linker-args.resp -Wl,-no_warn_duplicate_libraries -Wl,-no_warn_duplicate_libraries -Wl,-no_warn_duplicate_libraries -lwg-go -Xlinker -alias -Xlinker _main -Xlinker ___debug_main_executable_dylib_entry_point -o /tmp/pvpn-dd/Build/Products/Debug-iphoneos/PrivateVPN.app/PrivateVPN.debug.dylib -Xlinker -add_ast_path -Xlinker /tmp/pvpn-dd/Build/Intermediates.noindex/WireGuardKit.build/Debug-iphoneos/WireGuardKit.build/Objects-normal/arm64/WireGuardKit.swiftmodule @/tmp/pvpn-dd/Build/Intermediates.noindex/WireGuardKit.build/Debug-iphoneos/WireGuardKit.build/Objects-normal/arm64/WireGuardKit-linker-args.resp

ConstructStubExecutorLinkFileList /tmp/pvpn-dd/Build/Intermediates.noindex/PrivateVPN.build/Debug-iphoneos/PrivateVPN.build/PrivateVPN-ExecutorLinkFileList-normal-arm64.txt (in target 'PrivateVPN' from project 'PrivateVPN')
    cd /Volumes/BIWIN/SourcesCode/PrivateVPN
    construct-stub-executor-link-file-list /tmp/pvpn-dd/Build/Products/Debug-iphoneos/PrivateVPN.app/PrivateVPN.debug.dylib /Applications/Xcode.app/Contents/Developer/Platforms/iPhoneOS.platform/Developer/usr/lib/libPreviewsJITStubExecutor_no_swift_entry_point.a /Applications/Xcode.app/Contents/Developer/Platforms/iPhoneOS.platform/Developer/usr/lib/libPreviewsJITStubExecutor.a --output /tmp/pvpn-dd/Build/Intermediates.noindex/PrivateVPN.build/Debug-iphoneos/PrivateVPN.build/PrivateVPN-ExecutorLinkFileList-normal-arm64.txt
note: Using stub executor library with Swift entry point. (in target 'PrivateVPN' from project 'PrivateVPN')

Ld /tmp/pvpn-dd/Build/Products/Debug-iphoneos/PrivateVPN.app/PrivateVPN normal (in target 'PrivateVPN' from project 'PrivateVPN')
    cd /Volumes/BIWIN/SourcesCode/PrivateVPN
    /Applications/Xcode.app/Contents/Developer/Toolchains/XcodeDefault.xctoolchain/usr/bin/clang -Xlinker -reproducible -target arm64-apple-ios17.0 -isysroot /Applications/Xcode.app/Contents/Developer/Platforms/iPhoneOS.platform/Developer/SDKs/iPhoneOS26.5.sdk -O0 -L/tmp/pvpn-dd/Build/Products/Debug-iphoneos -L/tmp/pvpn-dd/Build/Intermediates.noindex/PrivateVPN.build/Debug-iphoneos/PrivateVPN.build/DerivedSources/wg -F/tmp/pvpn-dd/Build/Products/Debug-iphoneos/PackageFrameworks -F/tmp/pvpn-dd/Build/Products/Debug-iphoneos/PackageFrameworks -F/tmp/pvpn-dd/Build/Products/Debug-iphoneos/PackageFrameworks -F/tmp/pvpn-dd/Build/Products/Debug-iphoneos -Xlinker -rpath -Xlinker @executable_path -Xlinker -rpath -Xlinker /tmp/pvpn-dd/Build/Products/Debug-iphoneos/PackageFrameworks -Xlinker -rpath -Xlinker @executable_path/Frameworks -rdynamic -Xlinker -no_deduplicate -e ___debug_blank_executor_main -Xlinker -sectcreate -Xlinker __TEXT -Xlinker __debug_dylib -Xlinker /tmp/pvpn-dd/Build/Intermediates.noindex/PrivateVPN.build/Debug-iphoneos/PrivateVPN.build/PrivateVPN-DebugDylibPath-normal-arm64.txt -Xlinker -sectcreate -Xlinker __TEXT -Xlinker __debug_instlnm -Xlinker /tmp/pvpn-dd/Build/Intermediates.noindex/PrivateVPN.build/Debug-iphoneos/PrivateVPN.build/PrivateVPN-DebugDylibInstallName-normal-arm64.txt -Xlinker -filelist -Xlinker /tmp/pvpn-dd/Build/Intermediates.noindex/PrivateVPN.build/Debug-iphoneos/PrivateVPN.build/PrivateVPN-ExecutorLinkFileList-normal-arm64.txt /tmp/pvpn-dd/Build/Products/Debug-iphoneos/PrivateVPN.app/PrivateVPN.debug.dylib -o /tmp/pvpn-dd/Build/Products/Debug-iphoneos/PrivateVPN.app/PrivateVPN

Copy /tmp/pvpn-dd/Build/Products/Debug-iphoneos/PrivateVPN.app/PlugIns/PrivateVPNPacketTunnel.appex /tmp/pvpn-dd/Build/Products/Debug-iphoneos/PrivateVPNPacketTunnel.appex (in target 'PrivateVPN' from project 'PrivateVPN')
    cd /Volumes/BIWIN/SourcesCode/PrivateVPN
    builtin-copy -exclude .DS_Store -exclude CVS -exclude .svn -exclude .git -exclude .hg -exclude Headers -exclude PrivateHeaders -exclude Modules -exclude \*.tbd -resolve-src-symlinks -remove-static-executable /tmp/pvpn-dd/Build/Products/Debug-iphoneos/PrivateVPNPacketTunnel.appex /tmp/pvpn-dd/Build/Products/Debug-iphoneos/PrivateVPN.app/PlugIns

ProcessInfoPlistFile /tmp/pvpn-dd/Build/Products/Debug-iphoneos/PrivateVPN.app/Info.plist /Volumes/BIWIN/SourcesCode/PrivateVPN/iOS/PrivateVPN/Info.plist (in target 'PrivateVPN' from project 'PrivateVPN')
    cd /Volumes/BIWIN/SourcesCode/PrivateVPN
    builtin-infoPlistUtility /Volumes/BIWIN/SourcesCode/PrivateVPN/iOS/PrivateVPN/Info.plist -producttype com.apple.product-type.application -genpkginfo /tmp/pvpn-dd/Build/Products/Debug-iphoneos/PrivateVPN.app/PkgInfo -expandbuildsettings -format binary -platform iphoneos -scanforprivacyfile /tmp/pvpn-dd/Build/Products/Debug-iphoneos/PrivateVPN.app/PlugIns/PrivateVPNPacketTunnel.appex -requiredArchitecture arm64 -o /tmp/pvpn-dd/Build/Products/Debug-iphoneos/PrivateVPN.app/Info.plist

CopySwiftLibs /tmp/pvpn-dd/Build/Products/Debug-iphoneos/PrivateVPN.app (in target 'PrivateVPN' from project 'PrivateVPN')
    cd /Volumes/BIWIN/SourcesCode/PrivateVPN
    builtin-swiftStdLibTool --copy --verbose --scan-executable /tmp/pvpn-dd/Build/Products/Debug-iphoneos/PrivateVPN.app/PrivateVPN.debug.dylib --scan-folder /tmp/pvpn-dd/Build/Products/Debug-iphoneos/PrivateVPN.app/Frameworks --scan-folder /tmp/pvpn-dd/Build/Products/Debug-iphoneos/PrivateVPN.app/PlugIns --scan-folder /tmp/pvpn-dd/Build/Products/Debug-iphoneos/PrivateVPN.app/SystemExtensions --scan-folder /tmp/pvpn-dd/Build/Products/Debug-iphoneos/PrivateVPN.app/Extensions --platform iphoneos --toolchain /Applications/Xcode.app/Contents/Developer/Toolchains/XcodeDefault.xctoolchain --destination /tmp/pvpn-dd/Build/Products/Debug-iphoneos/PrivateVPN.app/Frameworks --strip-bitcode --strip-bitcode-tool /Applications/Xcode.app/Contents/Developer/Toolchains/XcodeDefault.xctoolchain/usr/bin/bitcode_strip --emit-dependency-info /tmp/pvpn-dd/Build/Intermediates.noindex/PrivateVPN.build/Debug-iphoneos/PrivateVPN.build/SwiftStdLibToolInputDependencies.dep --filter-for-swift-os --back-deploy-swift-span
Ignoring --strip-bitcode because --sign was not passed

ExtractAppIntentsMetadata (in target 'PrivateVPN' from project 'PrivateVPN')
    cd /Volumes/BIWIN/SourcesCode/PrivateVPN
    /Applications/Xcode.app/Contents/Developer/Toolchains/XcodeDefault.xctoolchain/usr/bin/appintentsmetadataprocessor --toolchain-dir /Applications/Xcode.app/Contents/Developer/Toolchains/XcodeDefault.xctoolchain --module-name PrivateVPN --sdk-root /Applications/Xcode.app/Contents/Developer/Platforms/iPhoneOS.platform/Developer/SDKs/iPhoneOS26.5.sdk --xcode-version 17F113 --platform-family iOS --deployment-target 17.0 --bundle-identifier com.privatevpn.app --output /tmp/pvpn-dd/Build/Products/Debug-iphoneos/PrivateVPN.app --target-triple arm64-apple-ios17.0 --binary-file /tmp/pvpn-dd/Build/Products/Debug-iphoneos/PrivateVPN.app/PrivateVPN --dependency-file /tmp/pvpn-dd/Build/Intermediates.noindex/PrivateVPN.build/Debug-iphoneos/PrivateVPN.build/Objects-normal/arm64/PrivateVPN_dependency_info.dat --stringsdata-file /tmp/pvpn-dd/Build/Intermediates.noindex/PrivateVPN.build/Debug-iphoneos/PrivateVPN.build/Objects-normal/arm64/ExtractedAppShortcutsMetadata.stringsdata --source-file-list /tmp/pvpn-dd/Build/Intermediates.noindex/PrivateVPN.build/Debug-iphoneos/PrivateVPN.build/Objects-normal/arm64/PrivateVPN.SwiftFileList --metadata-file-list /tmp/pvpn-dd/Build/Intermediates.noindex/PrivateVPN.build/Debug-iphoneos/PrivateVPN.build/PrivateVPN.DependencyMetadataFileList --static-metadata-file-list /tmp/pvpn-dd/Build/Intermediates.noindex/PrivateVPN.build/Debug-iphoneos/PrivateVPN.build/PrivateVPN.DependencyStaticMetadataFileList --swift-const-vals-list /tmp/pvpn-dd/Build/Intermediates.noindex/PrivateVPN.build/Debug-iphoneos/PrivateVPN.build/Objects-normal/arm64/PrivateVPN.SwiftConstValuesFileList --compile-time-extraction --deployment-aware-processing --validate-assistant-intents --no-app-shortcuts-localization
2026-08-19 20:02:54.495 appintentsmetadataprocessor[36276:326934] Starting appintentsmetadataprocessor export
2026-08-19 20:02:54.503 appintentsmetadataprocessor[36276:326934] warning: Metadata extraction skipped. No AppIntents.framework dependency found.

ValidateEmbeddedBinary /tmp/pvpn-dd/Build/Products/Debug-iphoneos/PrivateVPN.app/PlugIns/PrivateVPNPacketTunnel.appex (in target 'PrivateVPN' from project 'PrivateVPN')
    cd /Volumes/BIWIN/SourcesCode/PrivateVPN
    /Applications/Xcode.app/Contents/Developer/usr/bin/embeddedBinaryValidationUtility /tmp/pvpn-dd/Build/Products/Debug-iphoneos/PrivateVPN.app/PlugIns/PrivateVPNPacketTunnel.appex -info-plist-path /tmp/pvpn-dd/Build/Products/Debug-iphoneos/PrivateVPN.app/Info.plist

AppIntentsSSUTraining (in target 'PrivateVPN' from project 'PrivateVPN')
    cd /Volumes/BIWIN/SourcesCode/PrivateVPN
    /Applications/Xcode.app/Contents/Developer/Toolchains/XcodeDefault.xctoolchain/usr/bin/appintentsnltrainingprocessor --infoplist-path /tmp/pvpn-dd/Build/Products/Debug-iphoneos/PrivateVPN.app/Info.plist --temp-dir-path /tmp/pvpn-dd/Build/Intermediates.noindex/PrivateVPN.build/Debug-iphoneos/PrivateVPN.build/ssu --bundle-id com.privatevpn.app --product-path /tmp/pvpn-dd/Build/Products/Debug-iphoneos/PrivateVPN.app --extracted-metadata-path /tmp/pvpn-dd/Build/Products/Debug-iphoneos/PrivateVPN.app/Metadata.appintents --metadata-file-list /tmp/pvpn-dd/Build/Intermediates.noindex/PrivateVPN.build/Debug-iphoneos/PrivateVPN.build/PrivateVPN.DependencyMetadataFileList --source-file /tmp/pvpn-dd/Build/Products/Debug-iphoneos/PrivateVPN.app/Info.plist --archive-ssu-assets
2026-08-19 20:02:54.569 appintentsnltrainingprocessor[36278:326936] Parsing options for appintentsnltrainingprocessor
2026-08-19 20:02:54.570 appintentsnltrainingprocessor[36278:326936] Starting AppIntents SSU YAML Generation
2026-08-19 20:02:54.573 appintentsnltrainingprocessor[36278:326936] No AppShortcuts found - Skipping.

RegisterExecutionPolicyException /tmp/pvpn-dd/Build/Products/Debug-iphoneos/PrivateVPN.app (in target 'PrivateVPN' from project 'PrivateVPN')
    cd /Volumes/BIWIN/SourcesCode/PrivateVPN
    builtin-RegisterExecutionPolicyException /tmp/pvpn-dd/Build/Products/Debug-iphoneos/PrivateVPN.app

Validate /tmp/pvpn-dd/Build/Products/Debug-iphoneos/PrivateVPN.app (in target 'PrivateVPN' from project 'PrivateVPN')
    cd /Volumes/BIWIN/SourcesCode/PrivateVPN
    builtin-validationUtility /tmp/pvpn-dd/Build/Products/Debug-iphoneos/PrivateVPN.app -shallow-bundle -infoplist-subpath Info.plist
warning: All interface orientations must be supported unless the app requires full screen. (in target 'PrivateVPN' from project 'PrivateVPN')

Touch /tmp/pvpn-dd/Build/Products/Debug-iphoneos/PrivateVPN.app (in target 'PrivateVPN' from project 'PrivateVPN')
    cd /Volumes/BIWIN/SourcesCode/PrivateVPN
    /usr/bin/touch -c /tmp/pvpn-dd/Build/Products/Debug-iphoneos/PrivateVPN.app

note: Run script build phase 'Build wireguard-go' will be run during every build because the option to run the script phase "Based on dependency analysis" is unchecked. (in target 'PrivateVPNPacketTunnel' from project 'PrivateVPN')
note: Run script build phase 'Build wireguard-go' will be run during every build because the option to run the script phase "Based on dependency analysis" is unchecked. (in target 'PrivateVPN' from project 'PrivateVPN')
** BUILD SUCCEEDED **

